_p0,_h272,Transfer,0.2310126582278481,0.2310126582278481
p__Proteobacteria_c__Gammaproteobacteria_o__Legionellales_f__Legionellaceae_g__Legionella_s__Legionella_cincinnatiensis,RS_GCF_900452415.1,Contemporaneous,1.0000000000000002,0.0
_p1,_h272,Transfer,0.4620253164556962,0.2310126582278481
_p142,_h6,Transfer,0.4620253164556962,0.21926625187727958
_p150,_h38,Transfer,0.43853250375455916,0.29435743402703285
_p151,_h13,Cospeciation,0.620253164556962,0.620253164556962
_p152,RS_GCF_000298175.1,Transfer,0.810126582278481,0.810126582278481
p__Actinobacteriota_c__Actinomycetia_o__Actinomycetales_f__Micrococcaceae_g__Kocuria_s__Kocuria_varians,RS_GCF_006539885.1,Contemporaneous,1.0,0.0
p__Actinobacteriota_c__Actinomycetia_o__Actinomycetales_f__Dermatophilaceae_g__Austwickia_s__Austwickia_chelonae,RS_GCF_000298175.1,Contemporaneous,1.0,0.0
_p153,RS_GCF_900187045.1,Transfer,0.620253164556962,0.02531645569620253
_p169,100.0_g__Rhodococcus_B,Transfer,0.22784810126582278,0.028481012658227847
_p170,RS_GCF_013410305.1,Transfer,0.20253164556962025,0.10126582278481013
_p173,RS_GCF_000422745.1,Transfer,0.4683544303797469,0.23417721518987344
_p174,RS_GCF_001552615.1,Transfer,0.4620253164556962,0.2310126582278481
_p175,RS_GCF_001908375.1,Transfer,0.5379746835443039,0.5379746835443039
p__Actinobacteriota_c__Actinomycetia_o__Streptomycetales_f__Streptomycetaceae_g__Streptomyces_s__Streptomyces_phaeolivaceus,RS_GCF_009184865.1,Contemporaneous,1.0,0.0
p__Proteobacteria_c__Alphaproteobacteria_o__Rhizobiales_f__Rhizobiaceae_g__Rhizobium_s__Rhizobium_etli_B,RS_GCF_001908375.1,Contemporaneous,1.0,0.0
p__Actinobacteriota_c__Actinomycetia_o__Mycobacteriales_f__Mycobacteriaceae_g__Millisia_s__Millisia_brevis,RS_GCF_001552615.1,Contemporaneous,1.0,0.0
p__Actinobacteriota_c__Actinomycetia_o__Actinomycetales_f__Microbacteriaceae_g__Microbacterium_s__Microbacterium_gubbeenense,RS_GCF_000422745.1,Contemporaneous,1.0,0.0
_p171,RS_GCF_013410305.1,Transfer,0.32594936708860756,0.32594936708860756
p__Actinobacteriota_c__Actinomycetia_o__Mycobacteriales_f__Mycobacteriaceae_g__Nocardia_s__Nocardia_mangyaensis,RS_GCF_001886715.1,Contemporaneous,1.0,0.0
_p172,RS_GCF_013410305.1,Transfer,0.550632911392405,0.550632911392405
p__Proteobacteria_c__Gammaproteobacteria_o__Burkholderiales_f__Neisseriaceae_g__QFNR01_s__QFNR01_sp016864895,GB_GCA_016864895.1,Contemporaneous,1.0,0.0
p__Actinobacteriota_c__Actinomycetia_o__Mycobacteriales_f__Mycobacteriaceae_g__Corynebacterium_s__Corynebacterium_durum,RS_GCF_013410305.1,Contemporaneous,1.0,0.0
_p176,100.0_g__Rhodococcus_B,Transfer,0.26793248945147674,0.26793248945147674
p__Actinobacteriota_c__Actinomycetia_o__Mycobacteriales_f__Mycobacteriaceae_g__Gordonia_s__Gordonia_iterans,RS_GCF_002993285.1,Contemporaneous,1.0000000000000002,0.0
_p177,100.0_g__Rhodococcus_B,Cospeciation,0.33333333333333326,0.33333333333333326
_p180,_h95,Cospeciation,0.5949367088607593,0.5949367088607593
p__Actinobacteriota_c__Actinomycetia_o__Mycobacteriales_f__Mycobacteriaceae_g__Rhodococcus_B_s__Rhodococcus_B_sp003641205,RS_GCF_003641205.1,Contemporaneous,0.9999999999999999,0.0
_p181,RS_GCF_001895005.1,Transfer,0.5949367088607593,0.29746835443037967
_p182,RS_GCF_003855095.1,Transfer,0.49999999999999994,0.49999999999999994
_p183,_h98,Cospeciation,0.9999999999999999,0.9999999999999999
p__Actinobacteriota_c__Actinomycetia_o__Mycobacteriales_f__Mycobacteriaceae_g__Nocardia_s__Nocardia_altamirensis,RS_GCF_001612685.1,Contemporaneous,0.9999999999999999,0.0
_p184,_h99,Cospeciation,0.9999999999999999,0.9999999999999999
p__Actinobacteriota_c__Actinomycetia_o__Mycobacteriales_f__Mycobacteriaceae_g__Nocardia_s__Nocardia_brasiliensis_B,RS_GCF_000250675.2,Contemporaneous,0.9999999999999999,0.0
p__Actinobacteriota_c__Actinomycetia_o__Mycobacteriales_f__Mycobacteriaceae_g__Nocardia_s__Nocardia_brasiliensis_A,RS_GCF_000710915.1,Contemporaneous,0.9999999999999999,0.0
p__Actinobacteriota_c__Actinomycetia_o__Mycobacteriales_f__Mycobacteriaceae_g__Gordonia_s__Gordonia_insulae,RS_GCF_003855095.1,Contemporaneous,0.9999999999999999,0.0
_p185,RS_GCF_001895005.1,Transfer,0.5949367088607593,0.29746835443037967
_p190,_h80,Transfer,0.6308016877637129,0.6308016877637129
_p192,_h86,Cospeciation,0.9999999999999998,0.9999999999999998
_p195,_h87,Transfer,0.9999999999999998,0.33333333333333326
_p196,RS_GCF_014635305.1,Transfer,0.33333333333333326,0.33333333333333326
p__Actinobacteriota_c__Actinomycetia_o__Mycobacteriales_f__Mycobacteriaceae_g__Williamsia_B_s__Williamsia_B_sterculiae,RS_GCF_900156495.1,Contemporaneous,0.9999999999999998,0.0
p__Actinobacteriota_c__Actinomycetia_o__Mycobacteriales_f__Mycobacteriaceae_g__Williamsia_A_s__Williamsia_A_phyllosphaerae,RS_GCF_014635305.1,Contemporaneous,0.9999999999999998,0.0
_p197,_h87,Cospeciation,0.9999999999999998,0.9999999999999998
p__Actinobacteriota_c__Actinomycetia_o__Mycobacteriales_f__Mycobacteriaceae_g__Mycobacterium_s__Mycobacterium_cosmeticum_A,GB_GCA_016197365.1,Contemporaneous,0.9999999999999998,0.0
p__Actinobacteriota_c__Actinomycetia_o__Mycobacteriales_f__Mycobacteriaceae_g__Mycobacterium_s__Mycobacterium_fluoranthenivorans,RS_GCF_011758805.1,Contemporaneous,0.9999999999999998,0.0
_p193,GB_GCA_016197405.1,Transfer,0.9999999999999998,0.4999999999999999
_p194,RS_GCF_000196675.1,Transfer,0.4999999999999999,0.4999999999999999
p__Actinobacteriota_c__Actinomycetia_o__Mycobacteriales_f__Pseudonocardiaceae_g__Pseudonocardia_s__Pseudonocardia_cypriaca,RS_GCF_006717045.1,Contemporaneous,0.9999999999999998,0.0
p__Actinobacteriota_c__Actinomycetia_o__Mycobacteriales_f__Pseudonocardiaceae_g__Pseudonocardia_s__Pseudonocardia_dioxanivorans,RS_GCF_000196675.1,Contemporaneous,0.9999999999999998,0.0
p__Actinobacteriota_c__Actinomycetia_o__Mycobacteriales_f__Mycobacteriaceae_g__Mycobacterium_s__Mycobacterium_sp016197405,GB_GCA_016197405.1,Contemporaneous,0.9999999999999998,0.0
_p191,_h80,Cospeciation,0.9999999999999998,0.9999999999999998
p__Actinobacteriota_c__Actinomycetia_o__Mycobacteriales_f__Mycobacteriaceae_g__Gordonia_s__Gordonia_spumicola,RS_GCF_009932475.1,Contemporaneous,0.9999999999999998,0.0
p__Actinobacteriota_c__Actinomycetia_o__Mycobacteriales_f__Mycobacteriaceae_g__Gordonia_s__Gordonia_humi,RS_GCF_014197435.1,Contemporaneous,0.9999999999999998,0.0
_p186,RS_GCF_001895005.1,Transfer,0.6276371308016877,0.31381856540084385
_p187,RS_GCF_004366135.1,Transfer,0.5063291139240506,0.5063291139240506
p__Actinobacteriota_c__Actinomycetia_o__Actinomycetales_f__Microbacteriaceae_g__Rathayibacter_s__Rathayibacter_rathayi,RS_GCF_004011095.1,Contemporaneous,1.0,0.0
p__Actinobacteriota_c__Actinomycetia_o__Actinomycetales_f__Microbacteriaceae_g__Microbacterium_s__Microbacterium_sp004366135,RS_GCF_004366135.1,Contemporaneous,1.0,0.0
_p188,RS_GCF_001895005.1,Transfer,0.6635021097046412,0.6635021097046412
p__Actinobacteriota_c__Actinomycetia_o__Mycobacteriales_f__Mycobacteriaceae_g__Rhodococcus_B_s__Rhodococcus_B_fascians,RS_GCF_001894785.1,Contemporaneous,0.9999999999999998,0.0
_p189,RS_GCF_001895005.1,Transfer,0.7974683544303796,0.7974683544303796
p__Actinobacteriota_c__Actinomycetia_o__Mycobacteriales_f__Mycobacteriaceae_g__Rhodococcus_s__Rhodococcus_sp002245895,RS_GCF_002245895.1,Contemporaneous,0.9999999999999998,0.0
p__Actinobacteriota_c__Actinomycetia_o__Mycobacteriales_f__Mycobacteriaceae_g__Rhodococcus_B_s__Rhodococcus_B_yunnanensis,RS_GCF_001895005.1,Contemporaneous,0.9999999999999998,0.0
_p178,_h94,Loss,0.33333333333333326,0.16666666666666663
_p178,RS_GCF_002259405.1,Transfer,0.5654008438818564,0.5654008438818564
_p179,100.0_g__Williamsia,Cospeciation,0.9999999999999999,0.9999999999999999
p__Actinobacteriota_c__Actinomycetia_o__Mycobacteriales_f__Mycobacteriaceae_g__Williamsia_s__Williamsia_sp017377795,RS_GCF_017377795.1,Contemporaneous,0.9999999999999999,0.0
p__Actinobacteriota_c__Actinomycetia_o__Mycobacteriales_f__Mycobacteriaceae_g__Williamsia_s__Williamsia_muralis,RS_GCF_001598915.1,Contemporaneous,0.9999999999999999,0.0
p__Actinobacteriota_c__Actinomycetia_o__Mycobacteriales_f__Mycobacteriaceae_g__Rhodococcus_B_s__Rhodococcus_B_sp002259405,RS_GCF_002259405.1,Contemporaneous,0.9999999999999999,0.0
_p154,RS_GCF_900187045.1,Transfer,0.6249999999999999,0.15624999999999997
_p161,87.0_g__Rhodococcus,Transfer,0.4018987341772152,0.4018987341772152
_p162,_h101,Cospeciation,1.0,1.0
p__Actinobacteriota_c__Actinomycetia_o__Mycobacteriales_f__Mycobacteriaceae_g__Hoyosella_s__Hoyosella_sp008312885,RS_GCF_008312885.1,Contemporaneous,1.0,0.0
_p163,RS_GCF_014643175.1,Transfer,1.0,1.0
p__Actinobacteriota_c__Actinomycetia_o__Mycobacteriales_f__Mycobacteriaceae_g__Hoyosella_s__Hoyosella_subflava,RS_GCF_000214175.1,Contemporaneous,1.0,0.0
p__Actinobacteriota_c__Actinomycetia_o__Mycobacteriales_f__Mycobacteriaceae_g__Hoyosella_s__Hoyosella_rhizosphaerae,RS_GCF_014643175.1,Contemporaneous,1.0,0.0
_p164,87.0_g__Rhodococcus,Cospeciation,0.6012658227848101,0.6012658227848101
p__Actinobacteriota_c__Actinomycetia_o__Mycobacteriales_f__Mycobacteriaceae_g__Rhodococcus_s__Rhodococcus_zopfii,RS_GCF_001895025.1,Contemporaneous,1.0,0.0
_p165,_h90,Cospeciation,0.6012658227848101,0.6012658227848101
_p167,RS_GCF_001894985.1,Transfer,0.6012658227848101,0.30063291139240506
_p168,RS_GCF_000010805.1,Transfer,0.699367088607595,0.699367088607595
p__Actinobacteriota_c__Actinomycetia_o__Mycobacteriales_f__Mycobacteriaceae_g__Antrihabitans_s__Antrihabitans_sp016482825,RS_GCF_016482825.1,Contemporaneous,1.0,0.0
p__Actinobacteriota_c__Actinomycetia_o__Mycobacteriales_f__Mycobacteriaceae_g__Rhodococcus_s__Rhodococcus_opacus_C,RS_GCF_000010805.1,Contemporaneous,1.0,0.0
p__Actinobacteriota_c__Actinomycetia_o__Mycobacteriales_f__Mycobacteriaceae_g__Rhodococcus_s__Rhodococcus_tukisamuensis,RS_GCF_001894985.1,Contemporaneous,1.0,0.0
_p166,_h91,Loss,0.6012658227848101,0.6012658227848101
_p166,_h92,Cospeciation,0.6012658227848101,0.6012658227848101
p__Actinobacteriota_c__Actinomycetia_o__Mycobacteriales_f__Mycobacteriaceae_g__Rhodococcus_s__Rhodococcus_marinonascens,RS_GCF_001894885.1,Contemporaneous,1.0,0.0
p__Actinobacteriota_c__Actinomycetia_o__Mycobacteriales_f__Mycobacteriaceae_g__Rhodococcus_s__Rhodococcus_jostii_A,_h93,Loss,0.6012658227848101,0.6012658227848101
p__Actinobacteriota_c__Actinomycetia_o__Mycobacteriales_f__Mycobacteriaceae_g__Rhodococcus_s__Rhodococcus_jostii_A,RS_GCF_000014565.1,Contemporaneous,1.0,0.0
_p155,RS_GCF_900187045.1,Transfer,0.6550632911392406,0.3275316455696203
_p156,_h76,Transfer,0.5,0.5
p__Actinobacteriota_c__Actinomycetia_o__Actinomycetales_f__Micrococcaceae_g__Renibacterium_s__Renibacterium_sp005809195,GB_GCA_017419405.1,Contemporaneous,1.0,0.0
_p157,_h76,Cospeciation,1.0,1.0
p__Actinobacteriota_c__Actinomycetia_o__Mycobacteriales_f__Mycobacteriaceae_g__Tsukamurella_s__Tsukamurella_tyrosinosolvens,RS_GCF_900104775.1,Contemporaneous,1.0,0.0
p__Actinobacteriota_c__Actinomycetia_o__Mycobacteriales_f__Mycobacteriaceae_g__Tsukamurella_s__Tsukamurella_paurometabola,RS_GCF_000092225.1,Contemporaneous,1.0,0.0
_p158,RS_GCF_900187045.1,Transfer,0.689873417721519,0.22995780590717302
_p160,RS_GCF_000069945.1,Transfer,0.40084388185654013,0.40084388185654013
p__Actinobacteriota_c__Actinomycetia_o__Mycobacteriales_f__Mycobacteriaceae_g__Corynebacterium_s__Corynebacterium_lactis,RS_GCF_001274895.1,Contemporaneous,1.0000000000000002,0.0
p__Actinobacteriota_c__Actinomycetia_o__Mycobacteriales_f__Mycobacteriaceae_g__Corynebacterium_s__Corynebacterium_urealyticum,RS_GCF_000069945.1,Contemporaneous,1.0000000000000002,0.0
_p159,RS_GCF_900187045.1,Transfer,0.8101265822784811,0.8101265822784811
p__Actinobacteriota_c__Actinomycetia_o__Mycobacteriales_f__Mycobacteriaceae_g__Gordonia_s__Gordonia_polyisoprenivorans,RS_GCF_000241325.1,Contemporaneous,1.0000000000000002,0.0
p__Actinobacteriota_c__Actinomycetia_o__Actinomycetales_f__Dermatophilaceae_g__Dermatophilus_s__Dermatophilus_congolensis,RS_GCF_900187045.1,Contemporaneous,1.0000000000000002,0.0
_p198,_h38,Cospeciation,0.9491525423728814,0.9491525423728814
_p199,RS_GCF_013409505.1,Transfer,0.9491525423728814,0.23728813559322035
_p200,RS_GCF_000935125.1,Transfer,0.23728813559322035,0.059322033898305086
_p202,RS_GCF_000058485.1,Transfer,0.288135593220339,0.1440677966101695
_p203,RS_GCF_002941025.1,Transfer,0.5,0.5
p__Actinobacteriota_c__Actinomycetia_o__Mycobacteriales_f__Pseudonocardiaceae_g__Pseudonocardia_s__Pseudonocardia_sp001294645,RS_GCF_001294645.1,Contemporaneous,1.0,0.0
p__Actinobacteriota_c__Actinomycetia_o__Streptomycetales_f__Streptomycetaceae_g__Streptomyces_s__Streptomyces_sp002941025,RS_GCF_002941025.1,Contemporaneous,1.0,0.0
_p204,RS_GCF_000058485.1,Transfer,0.5254237288135593,0.5254237288135593
p__Actinobacteriota_c__Actinomycetia_o__Mycobacteriales_f__Pseudonocardiaceae_g__Amycolatopsis_s__Amycolatopsis_oliviviridis,RS_GCF_014654365.1,Contemporaneous,1.0,0.0
p__Actinobacteriota_c__Actinomycetia_o__Mycobacteriales_f__Frankiaceae_g__Frankia_s__Frankia_alni,RS_GCF_000058485.1,Contemporaneous,1.0,0.0
_p201,RS_GCF_000935125.1,Transfer,0.5,0.5
p__Actinobacteriota_c__Actinomycetia_o__Streptomycetales_f__Streptomycetaceae_g__Streptomyces_s__Streptomyces_himastatinicus,RS_GCF_000158915.1,Contemporaneous,1.0,0.0
p__Actinobacteriota_c__Actinomycetia_o__Streptomycetales_f__Streptomycetaceae_g__Streptomyces_s__Streptomyces_natalensis,RS_GCF_000935125.1,Contemporaneous,1.0,0.0
_p205,RS_GCF_013409505.1,Transfer,0.961864406779661,0.4809322033898305
_p206,RS_GCF_002262885.1,Transfer,0.5,0.5
p__Actinobacteriota_c__Actinomycetia_o__Mycobacteriales_f__Pseudonocardiaceae_g__Pseudonocardia_s__Pseudonocardia_spinosispora,RS_GCF_000429025.1,Contemporaneous,1.0,0.0
p__Actinobacteriota_c__Actinomycetia_o__Mycobacteriales_f__Pseudonocardiaceae_g__Pseudonocardia_s__Pseudonocardia_sp002262885,RS_GCF_002262885.1,Contemporaneous,1.0,0.0
_p207,RS_GCF_013409505.1,Transfer,0.9745762711864407,0.9745762711864407
_p208,_h41,Cospeciation,1.0,1.0
_p209,RS_GCF_004217185.1,Transfer,1.0,1.0
_p210,_h47,Cospeciation,1.0,1.0
p__Actinobacteriota_c__Actinomycetia_o__Mycobacteriales_f__Pseudonocardiaceae_g__Pseudonocardia_s__Pseudonocardia_sp014235185,RS_GCF_014235185.1,Contemporaneous,1.0,0.0
p__Actinobacteriota_c__Actinomycetia_o__Mycobacteriales_f__Pseudonocardiaceae_g__Pseudonocardia_s__Pseudonocardia_sp019263585,GB_GCA_019263585.1,Contemporaneous,1.0,0.0
p__Actinobacteriota_c__Actinomycetia_o__Mycobacteriales_f__Pseudonocardiaceae_g__Pseudonocardia_s__Pseudonocardia_sediminis,RS_GCF_004217185.1,Contemporaneous,1.0,0.0
_p211,_h42,Cospeciation,1.0,1.0
_p212,_h43,Loss,1.0,1.0
_p212,_h44,Cospeciation,1.0,1.0
p__Actinobacteriota_c__Actinomycetia_o__Mycobacteriales_f__Pseudonocardiaceae_g__Pseudonocardia_s__Pseudonocardia_sp001698125,RS_GCF_001698125.1,Contemporaneous,1.0,0.0
p__Actinobacteriota_c__Actinomycetia_o__Mycobacteriales_f__Pseudonocardiaceae_g__Pseudonocardia_s__Pseudonocardia_sp001420995,RS_GCF_001420995.1,Contemporaneous,1.0,0.0
p__Actinobacteriota_c__Actinomycetia_o__Mycobacteriales_f__Pseudonocardiaceae_g__Pseudonocardia_s__Pseudonocardia_endophytica,RS_GCF_004339565.1,Contemporaneous,1.0,0.0
p__Actinobacteriota_c__Actinomycetia_o__Mycobacteriales_f__Pseudonocardiaceae_g__Actinomycetospora_s__Actinomycetospora_corticicola,RS_GCF_013409505.1,Contemporaneous,1.0,0.0
_p213,RS_GCF_012933465.1,Transfer,0.9491525423728814,0.23728813559322035
_p214,RS_GCF_014651115.1,Transfer,0.25,0.125
_p215,RS_GCF_015999245.1,Transfer,0.5000000000000001,0.25000000000000006
_p216,RS_GCF_000429085.1,Transfer,0.5000000000000001,0.5000000000000001
p__Actinobacteriota_c__Actinomycetia_o__Streptomycetales_f__Streptomycetaceae_g__Kitasatospora_s__Kitasatospora_cheerisanensis,RS_GCF_000696185.1,Contemporaneous,1.0000000000000002,0.0
p__Actinobacteriota_c__Actinomycetia_o__Streptomycetales_f__Streptomycetaceae_g__Streptomyces_s__Streptomyces_flavidovirens,RS_GCF_000429085.1,Contemporaneous,1.0000000000000002,0.0
p__Actinobacteriota_c__Actinomycetia_o__Streptomycetales_f__Streptomycetaceae_g__Streptomyces_s__Streptomyces_sp015999245,RS_GCF_015999245.1,Contemporaneous,1.0000000000000002,0.0
_p217,RS_GCF_014651115.1,Transfer,0.5,0.25
_p218,RS_GCF_009862265.1,Transfer,0.5,0.25
_p219,RS_GCF_004348325.1,Transfer,0.5,0.5
p__Actinobacteriota_c__Actinomycetia_o__Mycobacteriales_f__Micromonosporaceae_g__Micromonospora_s__Micromonospora_inyonensis,RS_GCF_900091415.1,Contemporaneous,1.0,0.0
p__Actinobacteriota_c__Actinomycetia_o__Mycobacteriales_f__Micromonosporaceae_g__Micromonospora_s__Micromonospora_sp004348325,RS_GCF_004348325.1,Contemporaneous,1.0,0.0
p__Actinobacteriota_c__Actinomycetia_o__Streptomycetales_f__Streptomycetaceae_g__Streptomyces_s__Streptomyces_sp009862265,RS_GCF_009862265.1,Contemporaneous,1.0,0.0
p__Actinobacteriota_c__Actinomycetia_o__Streptomycetales_f__Streptomycetaceae_g__Streptomyces_s__Streptomyces_inusitatus,RS_GCF_014651115.1,Contemporaneous,1.0,0.0
_p220,RS_GCF_012933465.1,Transfer,0.9491525423728814,0.4745762711864407
_p221,_h120,Transfer,0.5,0.5
_p223,_h119,Cospeciation,1.0,1.0
p__Actinobacteriota_c__Actinomycetia_o__Streptosporangiales_f__Streptosporangiaceae_g__Nocardiopsis_s__Nocardiopsis_alba,RS_GCF_000341225.1,Contemporaneous,1.0,0.0
_p224,RS_GCF_000340985.1,Transfer,1.0,1.0
p__Actinobacteriota_c__Actinomycetia_o__Streptosporangiales_f__Streptosporangiaceae_g__Nocardiopsis_s__Nocardiopsis_coralli,RS_GCF_014892575.1,Contemporaneous,1.0,0.0
p__Actinobacteriota_c__Actinomycetia_o__Streptosporangiales_f__Streptosporangiaceae_g__Nocardiopsis_s__Nocardiopsis_valliformis,RS_GCF_000340985.1,Contemporaneous,1.0,0.0
_p222,_h120,Cospeciation,1.0,1.0
p__Actinobacteriota_c__Actinomycetia_o__Streptosporangiales_f__Streptosporangiaceae_g__Streptomonospora_s__Streptomonospora_sp004323735,RS_GCF_004323735.1,Contemporaneous,1.0,0.0
p__Actinobacteriota_c__Actinomycetia_o__Streptosporangiales_f__Streptosporangiaceae_g__Murinocardiopsis_s__Murinocardiopsis_flavida,RS_GCF_003014485.1,Contemporaneous,1.0,0.0
_p225,RS_GCF_012933465.1,Transfer,0.9491525423728814,0.4745762711864407
_p274,100.0_g__Kineosporia,Transfer,0.5,0.1388888888888889
_p276,_h21,Transfer,0.2777777777777778,0.06944444444444445
_p277,RS_GCF_004340875.1,Transfer,0.25000000000000006,0.12500000000000003
_p279,RS_GCF_000384115.1,Transfer,0.5000000000000001,0.5000000000000001
p__Actinobacteriota_c__Actinomycetia_o__Propionibacteriales_f__Kribbellaceae_g__Kribbella_s__Kribbella_catacumbae,RS_GCF_000372465.1,Contemporaneous,1.0000000000000002,0.0
p__Actinobacteriota_c__Actinomycetia_o__Sporichthyales_f__Sporichthyaceae_g__Sporichthya_s__Sporichthya_polymorpha,RS_GCF_000384115.1,Contemporaneous,1.0000000000000002,0.0
_p278,RS_GCF_004340875.1,Transfer,0.5000000000000001,0.5000000000000001
p__Actinobacteriota_c__Actinomycetia_o__Mycobacteriales_f__Pseudonocardiaceae_g__Actinophytocola_s__Actinophytocola_algeriensis,RS_GCF_014203735.1,Contemporaneous,1.0000000000000002,0.0
p__Actinobacteriota_c__Actinomycetia_o__Mycobacteriales_f__Pseudonocardiaceae_g__Tamaricihabitans_s__Tamaricihabitans_halophyticus,RS_GCF_004340875.1,Contemporaneous,1.0000000000000002,0.0
_p280,_h21,Cospeciation,0.5555555555555555,0.5555555555555555
_p291,100.0_g__Actinoplanes,Transfer,0.5555555555555555,0.13888888888888887
_p305,RS_GCF_000737195.2,Transfer,0.25,0.125
_p309,RS_GCF_013407765.1,Transfer,0.5,0.5
_p310,_h60,Cospeciation,1.0,1.0
_p313,_h62,Transfer,1.0,0.5999999999999999
_p314,_h66,Transfer,0.5999999999999999,0.19999999999999996
_p316,RS_GCF_003312875.1,Transfer,0.39999999999999997,0.39999999999999997
_p317,_h56,Cospeciation,0.9999999999999999,0.9999999999999999
p__Actinobacteriota_c__Actinomycetia_o__Mycobacteriales_f__Pseudonocardiaceae_g__Amycolatopsis_s__Amycolatopsis_nigrescens,RS_GCF_000384315.1,Contemporaneous,0.9999999999999999,0.0
p__Actinobacteriota_c__Actinomycetia_o__Mycobacteriales_f__Pseudonocardiaceae_g__Amycolatopsis_s__Amycolatopsis_sp018736145,RS_GCF_018736145.1,Contemporaneous,0.9999999999999999,0.0
p__Actinobacteriota_c__Actinomycetia_o__Mycobacteriales_f__Pseudonocardiaceae_g__Amycolatopsis_s__Amycolatopsis_albispora,RS_GCF_003312875.1,Contemporaneous,0.9999999999999999,0.0
_p315,_h66,Cospeciation,1.0,1.0
p__Actinobacteriota_c__Actinomycetia_o__Mycobacteriales_f__Pseudonocardiaceae_g__Kibdelosporangium_s__Kibdelosporangium_banguiense,RS_GCF_017876405.1,Contemporaneous,1.0,0.0
p__Actinobacteriota_c__Actinomycetia_o__Mycobacteriales_f__Pseudonocardiaceae_g__Actinocrispum_s__Actinocrispum_wychmicini,RS_GCF_004345645.1,Contemporaneous,1.0,0.0
_p318,_h62,Transfer,1.0,0.5
_p319,RS_GCF_002240355.1,Transfer,0.5,0.25
_p320,RS_GCF_900070365.1,Transfer,0.5,0.5
p__Actinobacteriota_c__Actinomycetia_o__Streptosporangiales_f__Streptosporangiaceae_g__Nocardiopsis_s__Nocardiopsis_aegyptia,RS_GCF_013410755.1,Contemporaneous,1.0,0.0
p__Actinobacteriota_c__Actinomycetia_o__Mycobacteriales_f__Pseudonocardiaceae_g__Actinokineospora_s__Actinokineospora_sp900070365,RS_GCF_900070365.1,Contemporaneous,1.0,0.0
p__Actinobacteriota_c__Actinomycetia_o__Mycobacteriales_f__Pseudonocardiaceae_g__Saccharomonospora_s__Saccharomonospora_marina_A,RS_GCF_002240355.1,Contemporaneous,1.0,0.0
_p321,_h62,Transfer,1.0,0.5
_p322,RS_GCF_000231075.2,Transfer,0.5,0.5
p__Actinobacteriota_c__Actinomycetia_o__Mycobacteriales_f__Mycobacteriaceae_g__Nocardia_s__Nocardia_alba,RS_GCF_001612665.1,Contemporaneous,1.0,0.0
p__Actinobacteriota_c__Actinomycetia_o__Mycobacteriales_f__Pseudonocardiaceae_g__Amycolatopsis_s__Amycolatopsis_sp000231075,RS_GCF_000231075.2,Contemporaneous,1.0,0.0
_p323,_h62,Cospeciation,1.0,1.0
p__Actinobacteriota_c__Actinomycetia_o__Mycobacteriales_f__Pseudonocardiaceae_g__Amycolatopsis_s__Amycolatopsis_sp002796545,RS_GCF_002796545.1,Contemporaneous,1.0,0.0
p__Actinobacteriota_c__Actinomycetia_o__Mycobacteriales_f__Pseudonocardiaceae_g__Amycolatopsis_s__Amycolatopsis_benzoatilytica,RS_GCF_000383915.1,Contemporaneous,1.0,0.0
_p311,_h61,Transfer,1.0,1.0
p__Actinobacteriota_c__Actinomycetia_o__Mycobacteriales_f__Pseudonocardiaceae_g__Amycolatopsis_s__Amycolatopsis_orientalis,RS_GCF_000478275.1,Contemporaneous,1.0,0.0
_p312,_h61,Cospeciation,1.0,1.0
p__Actinobacteriota_c__Actinomycetia_o__Mycobacteriales_f__Pseudonocardiaceae_g__Amycolatopsis_s__Amycolatopsis_mediterranei,RS_GCF_000220945.1,Contemporaneous,1.0,0.0
p__Actinobacteriota_c__Actinomycetia_o__Mycobacteriales_f__Pseudonocardiaceae_g__Amycolatopsis_s__Amycolatopsis_bullii,RS_GCF_014654205.1,Contemporaneous,1.0,0.0
p__Actinobacteriota_c__Actinomycetia_o__Streptomycetales_f__Streptomycetaceae_g__Allostreptomyces_s__Allostreptomyces_psammosilenae,RS_GCF_013407765.1,Contemporaneous,1.0,0.0
_p306,RS_GCF_000737195.2,Transfer,0.5,0.5
_p307,100.0_g__Actinosynnema,Cospeciation,1.0,1.0
p__Actinobacteriota_c__Actinomycetia_o__Mycobacteriales_f__Pseudonocardiaceae_g__Actinosynnema_s__Actinosynnema_mirum,RS_GCF_000023245.1,Contemporaneous,1.0,0.0
_p308,_h70,Cospeciation,1.0,1.0
p__Actinobacteriota_c__Actinomycetia_o__Mycobacteriales_f__Pseudonocardiaceae_g__Actinosynnema_s__Actinosynnema_sp001280085,RS_GCF_001280085.1,Contemporaneous,1.0,0.0
p__Actinobacteriota_c__Actinomycetia_o__Mycobacteriales_f__Pseudonocardiaceae_g__Actinosynnema_s__Actinosynnema_syringae,RS_GCF_009498035.1,Contemporaneous,1.0,0.0
p__Actinobacteriota_c__Actinomycetia_o__Mycobacteriales_f__Pseudonocardiaceae_g__Sciscionella_s__Sciscionella_sp000737195,RS_GCF_000737195.2,Contemporaneous,1.0,0.0
_p292,100.0_g__Actinoplanes,Transfer,0.5555555555555555,0.12260536398467432
_p295,RS_GCF_008042045.1,Transfer,0.22068965517241382,0.055172413793103454
_p298,_h133,Transfer,0.33103448275862074,0.33103448275862074
p__Actinobacteriota_c__Actinomycetia_o__Mycobacteriales_f__Micromonosporaceae_g__Micromonospora_s__Micromonospora_pacifica,RS_GCF_000514775.1,Contemporaneous,1.0,0.0
_p299,_h133,Transfer,0.5517241379310346,0.13793103448275865
_p301,RS_GCF_014646115.1,Transfer,0.25517241379310346,0.12758620689655173
_p303,GB_GCA_005405945.1,Transfer,0.5,0.25
_p304,GB_GCA_014204745.1,Transfer,0.5,0.5
p__Actinobacteriota_c__Actinomycetia_o__Streptomycetales_f__Streptomycetaceae_g__Streptomyces_s__Streptomyces_bacillaris,GB_GCA_003268675.1,Contemporaneous,1.0,0.0
p__Actinobacteriota_c__Actinomycetia_o__Streptomycetales_f__Streptomycetaceae_g__Streptomyces_s__Streptomyces_collinus,GB_GCA_014204745.1,Contemporaneous,1.0,0.0
p__Actinobacteriota_c__Actinomycetia_o__Streptomycetales_f__Streptomycetaceae_g__Streptomyces_s__Streptomyces_violaceusniger,GB_GCA_005405945.1,Contemporaneous,1.0,0.0
_p302,RS_GCF_014646115.1,Transfer,0.503448275862069,0.503448275862069
p__Actinobacteriota_c__Actinomycetia_o__Streptomycetales_f__Streptomycetaceae_g__Streptomyces_s__Streptomyces_sp900105515,RS_GCF_900105515.1,Contemporaneous,1.0000000000000002,0.0
p__Actinobacteriota_c__Actinomycetia_o__Streptomycetales_f__Streptomycetaceae_g__Streptomyces_s__Streptomyces_camponoticapitis,RS_GCF_014646115.1,Contemporaneous,1.0000000000000002,0.0
_p300,_h133,Cospeciation,1.0000000000000002,1.0000000000000002
p__Actinobacteriota_c__Actinomycetia_o__Streptomycetales_f__Streptomycetaceae_g__Streptomyces_s__Streptomyces_bikiniensis,GB_GCA_000716465.1,Contemporaneous,1.0000000000000002,0.0
p__Actinobacteriota_c__Actinomycetia_o__Streptomycetales_f__Streptomycetaceae_g__Streptomyces_s__Streptomyces_sp003949805,GB_GCA_007858575.1,Contemporaneous,1.0000000000000002,0.0
_p296,RS_GCF_008042045.1,Transfer,0.496551724137931,0.2482758620689655
_p297,RS_GCF_014650695.1,Transfer,0.503448275862069,0.503448275862069
p__Actinobacteriota_c__Actinomycetia_o__Streptomycetales_f__Streptomycetaceae_g__Streptomyces_s__Streptomyces_sp001748085,RS_GCF_001748085.1,Contemporaneous,1.0,0.0
p__Actinobacteriota_c__Actinomycetia_o__Streptomycetales_f__Streptomycetaceae_g__Streptomyces_s__Streptomyces_avidinii,RS_GCF_014650695.1,Contemporaneous,1.0,0.0
p__Actinobacteriota_c__Actinomycetia_o__Streptomycetales_f__Streptomycetaceae_g__Streptomyces_s__Streptomyces_sp008042045,RS_GCF_008042045.1,Contemporaneous,1.0,0.0
_p293,100.0_g__Actinoplanes,Cospeciation,0.5555555555555554,0.5555555555555554
p__Actinobacteriota_c__Actinomycetia_o__Mycobacteriales_f__Micromonosporaceae_g__Actinoplanes_s__Actinoplanes_sp000389965,_h31,Loss,0.5555555555555554,0.5555555555555554
p__Actinobacteriota_c__Actinomycetia_o__Mycobacteriales_f__Micromonosporaceae_g__Actinoplanes_s__Actinoplanes_sp000389965,RS_GCF_000389965.1,Contemporaneous,1.0,0.0
_p294,RS_GCF_004217545.1,Transfer,0.5555555555555554,0.5555555555555554
p__Actinobacteriota_c__Actinomycetia_o__Mycobacteriales_f__Cryptosporangiaceae_g__Cryptosporangium_s__Cryptosporangium_phraense,RS_GCF_006912135.1,Contemporaneous,1.0,0.0
p__Actinobacteriota_c__Actinomycetia_o__Mycobacteriales_f__Micromonosporaceae_g__Actinoplanes_s__Actinoplanes_cinnamomeus,RS_GCF_004217545.1,Contemporaneous,1.0,0.0
_p281,_h22,Transfer,0.5555555555555555,0.5555555555555555
_p282,RS_GCF_014204895.1,Transfer,0.7777777777777778,0.7777777777777778
p__Actinobacteriota_c__Actinomycetia_o__Mycobacteriales_f__Micromonosporaceae_g__Plantactinospora_s__Plantactinospora_endophytica,RS_GCF_016862915.1,Contemporaneous,1.0000000000000002,0.0
p__Actinobacteriota_c__Actinomycetia_o__Mycobacteriales_f__Micromonosporaceae_g__Actinoplanes_s__Actinoplanes_abujensis,RS_GCF_014204895.1,Contemporaneous,1.0000000000000002,0.0
_p283,_h22,Cospeciation,0.5555555555555555,0.5555555555555555
_p285,_h23,Transfer,0.5555555555555555,0.3333333333333333
_p286,RS_GCF_016862795.1,Transfer,0.6666666666666667,0.33333333333333337
_p287,RS_GCF_015751765.1,Transfer,0.5000000000000001,0.5000000000000001
p__Actinobacteriota_c__Actinomycetia_o__Mycobacteriales_f__Micromonosporaceae_g__Micromonospora_s__Micromonospora_haikouensis,RS_GCF_900091595.1,Contemporaneous,1.0000000000000002,0.0
p__Actinobacteriota_c__Actinomycetia_o__Mycobacteriales_f__Micromonosporaceae_g__Micromonospora_s__Micromonospora_ureilytica,RS_GCF_015751765.1,Contemporaneous,1.0000000000000002,0.0
p__Actinobacteriota_c__Actinomycetia_o__Mycobacteriales_f__Micromonosporaceae_g__Dactylosporangium_s__Dactylosporangium_siamense,RS_GCF_016862795.1,Contemporaneous,1.0000000000000002,0.0
_p288,_h23,Loss,0.3333333333333333,0.1111111111111111
_p288,RS_GCF_018324255.1,Transfer,0.3333333333333333,0.16666666666666666
_p289,RS_GCF_016907715.1,Transfer,0.5000000000000001,0.5000000000000001
p__Actinobacteriota_c__Actinomycetia_o__Mycobacteriales_f__Micromonosporaceae_g__Catelliglobosispora_s__Catelliglobosispora_koreensis,RS_GCF_000379685.1,Contemporaneous,1.0000000000000002,0.0
p__Actinobacteriota_c__Actinomycetia_o__Propionibacteriales_f__Actinopolymorphaceae_g__Tenggerimyces_s__Tenggerimyces_flavus,RS_GCF_016907715.1,Contemporaneous,1.0000000000000002,0.0
_p290,RS_GCF_018324255.1,Transfer,0.4444444444444444,0.4444444444444444
p__Actinobacteriota_c__Actinomycetia_o__Mycobacteriales_f__Cryptosporangiaceae_g__Cryptosporangium_s__Cryptosporangium_arvum,RS_GCF_000585375.1,Contemporaneous,1.0,0.0
p__Actinobacteriota_c__Actinomycetia_o__Mycobacteriales_f__Micromonosporaceae_g__Polymorphospora_s__Polymorphospora_rubra,RS_GCF_018324255.1,Contemporaneous,1.0000000000000002,0.0
_p284,100.0_g__Phytohabitans,Cospeciation,1.0,1.0
p__Actinobacteriota_c__Actinomycetia_o__Mycobacteriales_f__Micromonosporaceae_g__Phytohabitans_s__Phytohabitans_flavus,RS_GCF_011764545.1,Contemporaneous,1.0,0.0
p__Actinobacteriota_c__Actinomycetia_o__Mycobacteriales_f__Micromonosporaceae_g__Phytohabitans_s__Phytohabitans_rumicis,RS_GCF_011764445.1,Contemporaneous,1.0,0.0
_p275,100.0_g__Kineosporia,Cospeciation,1.0000000000000002,1.0000000000000002
p__Actinobacteriota_c__Actinomycetia_o__Actinomycetales_f__Kineosporiaceae_g__Kineosporia_s__Kineosporia_sp018499875,RS_GCF_018499875.1,Contemporaneous,1.0000000000000002,0.0
p__Actinobacteriota_c__Actinomycetia_o__Actinomycetales_f__Kineosporiaceae_g__Kineosporia_s__Kineosporia_aurantiaca,GB_GCA_000719025.1,Contemporaneous,1.0000000000000002,0.0
_p226,RS_GCF_012933465.1,Transfer,0.9491525423728812,0.4745762711864406
_p227,RS_GCF_000519325.1,Transfer,0.4999999999999999,0.24999999999999994
_p228,RS_GCF_014647515.1,Transfer,0.4999999999999999,0.24999999999999994
_p229,_h33,Transfer,0.4999999999999999,0.24999999999999994
_p231,RS_GCF_014764405.1,Transfer,0.4999999999999999,0.4999999999999999
p__Actinobacteriota_c__Actinomycetia_o__Mycobacteriales_f__Micromonosporaceae_g__KBS50_s__KBS50_sp002285795,RS_GCF_002285795.1,Contemporaneous,0.9999999999999998,0.0
p__Actinobacteriota_c__Actinomycetia_o__Mycobacteriales_f__Micromonosporaceae_g__Micromonospora_s__Micromonospora_craniellae,RS_GCF_014764405.1,Contemporaneous,0.9999999999999998,0.0
_p230,_h33,Cospeciation,0.9999999999999998,0.9999999999999998
p__Actinobacteriota_c__Actinomycetia_o__Mycobacteriales_f__Micromonosporaceae_g__Actinoplanes_s__Actinoplanes_utahensis,RS_GCF_016862455.1,Contemporaneous,0.9999999999999998,0.0
p__Actinobacteriota_c__Actinomycetia_o__Mycobacteriales_f__Micromonosporaceae_g__Actinoplanes_s__Actinoplanes_campanulatus,RS_GCF_014647795.1,Contemporaneous,0.9999999999999998,0.0
p__Actinobacteriota_c__Actinomycetia_o__Mycobacteriales_f__Micromonosporaceae_g__Dactylosporangium_s__Dactylosporangium_sucinum,RS_GCF_014647515.1,Contemporaneous,0.9999999999999998,0.0
p__Actinobacteriota_c__Thermoleophilia_o__Solirubrobacterales_f__Solirubrobacteraceae_g__Patulibacter_s__Patulibacter_minatonensis,RS_GCF_000519325.1,Contemporaneous,0.9999999999999999,0.0
_p232,RS_GCF_012933465.1,Transfer,0.9491525423728812,0.2372881355932203
_p250,RS_GCF_000372745.1,Transfer,0.2372881355932203,0.059322033898305065
_p252,_h71,Transfer,0.23728813559322026,0.11864406779661013
_p263,_h155,Cospeciation,0.4999999999999998,0.4999999999999998
_p264,RS_GCF_012726265.1,Transfer,0.7499999999999997,0.7499999999999997
_p265,_h153,Cospeciation,0.9999999999999996,0.9999999999999996
p__Actinobacteriota_c__Actinomycetia_o__Streptomycetales_f__Streptomycetaceae_g__Streptomyces_s__Streptomyces_philanthi,GB_GCA_018114805.1,Contemporaneous,0.9999999999999996,0.0
p__Actinobacteriota_c__Actinomycetia_o__Streptomycetales_f__Streptomycetaceae_g__Streptomyces_s__Streptomyces_buecherae,RS_GCF_014295035.1,Contemporaneous,0.9999999999999996,0.0
p__Actinobacteriota_c__Actinomycetia_o__Streptomycetales_f__Streptomycetaceae_g__Streptomyces_s__Streptomyces_sp012726265,RS_GCF_012726265.1,Contemporaneous,0.9999999999999996,0.0
_p266,RS_GCF_003355155.1,Transfer,0.4999999999999998,0.12499999999999994
_p267,RS_GCF_000349325.1,Transfer,0.6249999999999997,0.6249999999999997
p__Actinobacteriota_c__Actinomycetia_o__Streptomycetales_f__Streptomycetaceae_g__Streptomyces_s__Streptomyces_flavofungini,RS_GCF_014650815.1,Contemporaneous,0.9999999999999996,0.0
_p268,RS_GCF_000349325.1,Transfer,0.7499999999999997,0.7499999999999997
p__Actinobacteriota_c__Actinomycetia_o__Streptomycetales_f__Streptomycetaceae_g__Streptomyces_s__Streptomyces_griseoviridis,GB_GCA_014649155.1,Contemporaneous,0.9999999999999996,0.0
p__Actinobacteriota_c__Actinomycetia_o__Streptomycetales_f__Streptomycetaceae_g__Streptomyces_s__Streptomyces_davaonensis,RS_GCF_000349325.1,Contemporaneous,0.9999999999999996,0.0
_p269,RS_GCF_003355155.1,Transfer,0.4999999999999998,0.4999999999999998
p__Actinobacteriota_c__Actinomycetia_o__Streptosporangiales_f__Streptosporangiaceae_g__Herbidospora_s__Herbidospora_sakaeratensis,RS_GCF_001570525.1,Contemporaneous,0.9999999999999996,0.0
_p270,RS_GCF_003355155.1,Transfer,0.4999999999999998,0.4999999999999998
p__Actinobacteriota_c__Actinomycetia_o__Streptosporangiales_f__Streptosporangiaceae_g__Streptosporangium_s__Streptosporangium_roseum,RS_GCF_000024865.1,Contemporaneous,0.9999999999999996,0.0
_p271,RS_GCF_003355155.1,Transfer,0.4999999999999998,0.2499999999999999
_p273,RS_GCF_001184025.1,Transfer,0.4999999999999998,0.4999999999999998
p__Actinobacteriota_c__Actinomycetia_o__Streptomycetales_f__Streptomycetaceae_g__Streptomyces_s__Streptomyces_lomondensis,RS_GCF_014651035.1,Contemporaneous,0.9999999999999996,0.0
p__Actinobacteriota_c__Actinomycetia_o__Streptomycetales_f__Streptomycetaceae_g__Streptomyces_s__Streptomyces_sp001184025,RS_GCF_001184025.1,Contemporaneous,0.9999999999999996,0.0
_p272,RS_GCF_003355155.1,Transfer,0.4999999999999998,0.4999999999999998
p__Actinobacteriota_c__Actinomycetia_o__Streptomycetales_f__Streptomycetaceae_g__Streptomyces_s__Streptomyces_lacrimifluminis,RS_GCF_014646095.1,Contemporaneous,0.9999999999999996,0.0
p__Actinobacteriota_c__Actinomycetia_o__Streptomycetales_f__Streptomycetaceae_g__Streptomyces_s__Streptomyces_armeniacus,RS_GCF_003355155.1,Contemporaneous,0.9999999999999996,0.0
_p253,_h71,Transfer,0.47457627118644047,0.23728813559322023
_p258,RS_GCF_002262875.1,Transfer,0.47457627118644047,0.0677966101694915
_p259,RS_GCF_000166135.1,Transfer,0.135593220338983,0.0677966101694915
_p261,_h105,Transfer,0.49999999999999967,0.49999999999999967
p__Actinobacteriota_c__Actinomycetia_o__Mycobacteriales_f__Frankiaceae_g__Frankia_s__Frankia_coriariae,RS_GCF_001017755.1,Contemporaneous,0.9999999999999993,0.0
_p262,_h105,Cospeciation,0.9999999999999993,0.9999999999999993
p__Actinobacteriota_c__Actinomycetia_o__Mycobacteriales_f__Frankiaceae_g__Frankia_s__Frankia_irregularis,RS_GCF_001536285.1,Contemporaneous,0.9999999999999993,0.0
p__Actinobacteriota_c__Actinomycetia_o__Mycobacteriales_f__Frankiaceae_g__Frankia_s__Frankia_sp001636565,RS_GCF_001636565.1,Contemporaneous,0.9999999999999993,0.0
_p260,RS_GCF_000166135.1,Transfer,0.47457627118644036,0.47457627118644036
p__Actinobacteriota_c__Actinomycetia_o__Mycobacteriales_f__Frankiaceae_g__Frankia_s__Frankia_sp000262465,RS_GCF_000262465.1,Contemporaneous,0.9999999999999993,0.0
p__Actinobacteriota_c__Actinomycetia_o__Mycobacteriales_f__Frankiaceae_g__Frankia_s__Frankia_inefficax,RS_GCF_000166135.1,Contemporaneous,0.9999999999999993,0.0
p__Actinobacteriota_c__Actinomycetia_o__Mycobacteriales_f__Pseudonocardiaceae_g__Amycolatopsis_s__Amycolatopsis_antarctica,RS_GCF_002262875.1,Contemporaneous,0.9999999999999993,0.0
_p254,_h71,Cospeciation,0.9999999999999994,0.9999999999999994
p__Actinobacteriota_c__Actinomycetia_o__Mycobacteriales_f__Pseudonocardiaceae_g__Streptoalloteichus_s__Streptoalloteichus_hindustanus,RS_GCF_900129375.1,Contemporaneous,0.9999999999999994,0.0
_p255,RS_GCF_014645795.1,Transfer,0.9999999999999994,0.9999999999999994
p__Actinobacteriota_c__Actinomycetia_o__Mycobacteriales_f__Pseudonocardiaceae_g__Crossiella_s__Crossiella_cryophila,RS_GCF_014204915.1,Contemporaneous,0.9999999999999994,0.0
_p256,RS_GCF_014645795.1,Transfer,0.9999999999999994,0.4999999999999997
_p257,RS_GCF_005048155.1,Transfer,0.4999999999999997,0.4999999999999997
p__Actinobacteriota_c__Actinomycetia_o__Streptomycetales_f__Streptomycetaceae_g__Streptomyces_s__Streptomyces_globisporus,GB_GCA_014649555.1,Contemporaneous,0.9999999999999994,0.0
p__Actinobacteriota_c__Actinomycetia_o__Streptomycetales_f__Streptomycetaceae_g__Streptomyces_s__Streptomyces_piniterrae,RS_GCF_005048155.1,Contemporaneous,0.9999999999999994,0.0
p__Actinobacteriota_c__Actinomycetia_o__Mycobacteriales_f__Pseudonocardiaceae_g__Longimycelium_s__Longimycelium_tulufanense,RS_GCF_014645795.1,Contemporaneous,0.9999999999999994,0.0
_p251,RS_GCF_000372745.1,Transfer,0.4999999999999998,0.4999999999999998
p__Actinobacteriota_c__Actinomycetia_o__Mycobacteriales_f__Pseudonocardiaceae_g__Actinokineospora_s__Actinokineospora_iranica,RS_GCF_900101685.1,Contemporaneous,0.9999999999999996,0.0
p__Actinobacteriota_c__Actinomycetia_o__Streptomycetales_f__Streptomycetaceae_g__Embleya_s__Embleya_scabrispora,RS_GCF_000372745.1,Contemporaneous,0.9999999999999996,0.0
_p233,RS_GCF_012933465.1,Transfer,0.9533898305084744,0.9533898305084744
_p234,100.0_g__Saccharopolyspora_D,Cospeciation,0.9999999999999998,0.9999999999999998
p__Actinobacteriota_c__Actinomycetia_o__Mycobacteriales_f__Pseudonocardiaceae_g__Saccharopolyspora_D_s__Saccharopolyspora_D_erythraea_A,RS_GCF_018141105.1,Contemporaneous,0.9999999999999998,0.0
p__Actinobacteriota_c__Actinomycetia_o__Mycobacteriales_f__Pseudonocardiaceae_g__Saccharopolyspora_D_s__Saccharopolyspora_D_erythraea,RS_GCF_000062885.1,Contemporaneous,0.9999999999999998,0.0
_p235,RS_GCF_012933465.1,Transfer,0.9576271186440676,0.3683181225554107
_p238,_h116,Transfer,0.38461538461538464,0.30769230769230765
_p242,_h109,Cospeciation,0.6153846153846153,0.6153846153846153
_p243,100.0_g__Spirillospora,Cospeciation,0.6923076923076922,0.6923076923076922
_p244,_h110,Loss,0.6923076923076922,0.6923076923076922
_p244,_h111,Cospeciation,0.9999999999999998,0.9999999999999998
p__Actinobacteriota_c__Actinomycetia_o__Streptosporangiales_f__Streptosporangiaceae_g__Spirillospora_s__Spirillospora_latina,RS_GCF_001552195.1,Contemporaneous,0.9999999999999998,0.0
p__Actinobacteriota_c__Actinomycetia_o__Streptosporangiales_f__Streptosporangiaceae_g__Spirillospora_s__Spirillospora_sp008327685,RS_GCF_008327685.1,Contemporaneous,0.9999999999999998,0.0
p__Actinobacteriota_c__Actinomycetia_o__Streptosporangiales_f__Streptosporangiaceae_g__Spirillospora_s__Spirillospora_viridis,RS_GCF_015751755.1,Contemporaneous,0.9999999999999998,0.0
_p245,RS_GCF_014323705.1,Transfer,0.6153846153846153,0.6153846153846153
_p246,100.0_g__Catellatospora,Cospeciation,0.9999999999999999,0.9999999999999999
p__Actinobacteriota_c__Actinomycetia_o__Mycobacteriales_f__Micromonosporaceae_g__Catellatospora_s__Catellatospora_methionotrophica,RS_GCF_011297335.1,Contemporaneous,0.9999999999999999,0.0
p__Actinobacteriota_c__Actinomycetia_o__Mycobacteriales_f__Micromonosporaceae_g__Catellatospora_s__Catellatospora_sp018327705,RS_GCF_018327705.1,Contemporaneous,0.9999999999999999,0.0
_p247,RS_GCF_014323705.1,Transfer,0.6153846153846153,0.15384615384615383
_p248,RS_GCF_014646515.1,Transfer,0.3846153846153846,0.3846153846153846
p__Actinobacteriota_c__Actinomycetia_o__Streptosporangiales_f__Streptosporangiaceae_g__Streptosporangium_s__Streptosporangium_violaceochromogenes,RS_GCF_014654615.1,Contemporaneous,0.9999999999999999,0.0
_p249,RS_GCF_014646515.1,Transfer,0.5384615384615384,0.5384615384615384
p__Actinobacteriota_c__Actinomycetia_o__Streptosporangiales_f__Streptosporangiaceae_g__Spirillospora_s__Spirillospora_macra,RS_GCF_001552215.1,Contemporaneous,1.0,0.0
p__Actinobacteriota_c__Actinomycetia_o__Streptosporangiales_f__Streptosporangiaceae_g__Nonomuraea_s__Nonomuraea_glycinis,RS_GCF_014646515.1,Contemporaneous,1.0,0.0
p__Actinobacteriota_c__Actinomycetia_o__Streptosporangiales_f__Streptosporangiaceae_g__Actinomadura_C_s__Actinomadura_C_alba,RS_GCF_014323705.1,Contemporaneous,0.9999999999999998,0.0
_p239,_h116,Cospeciation,0.9999999999999999,0.9999999999999999
_p240,RS_GCF_014648435.1,Transfer,0.9999999999999999,0.9999999999999999
p__Actinobacteriota_c__Actinomycetia_o__Mycobacteriales_f__Pseudonocardiaceae_g__Lentzea_s__Lentzea_flava,RS_GCF_014648475.1,Contemporaneous,0.9999999999999999,0.0
p__Actinobacteriota_c__Actinomycetia_o__Streptosporangiales_f__Streptosporangiaceae_g__Nonomuraea_s__Nonomuraea_spiralis,RS_GCF_014648435.1,Contemporaneous,0.9999999999999999,0.0
_p241,RS_GCF_900099965.1,Transfer,0.9999999999999999,0.9999999999999999
p__Actinobacteriota_c__Actinomycetia_o__Streptosporangiales_f__Streptosporangiaceae_g__Thermostaphylospora_s__Thermostaphylospora_chromogena,RS_GCF_900099985.1,Contemporaneous,0.9999999999999999,0.0
p__Actinobacteriota_c__Actinomycetia_o__Streptosporangiales_f__Streptosporangiaceae_g__Nonomuraea_s__Nonomuraea_jiangxiensis,RS_GCF_900099965.1,Contemporaneous,0.9999999999999999,0.0
_p236,RS_GCF_012933465.1,Transfer,0.9661016949152541,0.9661016949152541
_p237,_h37,Cospeciation,0.9999999999999999,0.9999999999999999
p__Actinobacteriota_c__Actinomycetia_o__Mycobacteriales_f__Pseudonocardiaceae_g__Actinomycetospora_s__Actinomycetospora_succinea,RS_GCF_004363095.1,Contemporaneous,0.9999999999999999,0.0
p__Actinobacteriota_c__Actinomycetia_o__Mycobacteriales_f__Pseudonocardiaceae_g__Actinomycetospora_s__Actinomycetospora_cinnamomea,RS_GCF_003096675.1,Contemporaneous,0.9999999999999999,0.0
p__Actinobacteriota_c__Actinomycetia_o__Mycobacteriales_f__Pseudonocardiaceae_g__Actinomycetospora_s__Actinomycetospora_sp012933465,RS_GCF_012933465.1,Contemporaneous,0.9999999999999999,0.0
_p143,_h6,Cospeciation,1.0000000000000002,1.0000000000000002
_p144,RS_GCF_001424195.1,Transfer,1.0000000000000002,1.0000000000000002
p__Actinobacteriota_c__Actinomycetia_o__Actinomycetales_f__Microbacteriaceae_g__Microterricola_s__Microterricola_sp000799285,RS_GCF_000799285.1,Contemporaneous,1.0000000000000002,0.0
p__Actinobacteriota_c__Actinomycetia_o__Actinomycetales_f__Cellulomonadaceae_g__Cellulomonas_s__Cellulomonas_sp001424195,RS_GCF_001424195.1,Contemporaneous,1.0000000000000002,0.0
_p145,_h7,Transfer,1.0000000000000002,0.5000000000000001
_p147,RS_GCF_006494775.1,Transfer,0.5000000000000001,0.25000000000000006
_p148,RS_GCF_900070355.1,Transfer,0.5000000000000001,0.5000000000000001
_p149,_h10,Cospeciation,1.0000000000000002,1.0000000000000002
p__Actinobacteriota_c__Actinomycetia_o__Actinomycetales_f__Micrococcaceae_g__Glutamicibacter_s__Glutamicibacter_uratoxydans,RS_GCF_006539925.1,Contemporaneous,1.0000000000000002,0.0
p__Actinobacteriota_c__Actinomycetia_o__Actinomycetales_f__Micrococcaceae_g__Glutamicibacter_s__Glutamicibacter_arilaitensis,RS_GCF_000197735.1,Contemporaneous,1.0000000000000002,0.0
p__Actinobacteriota_c__Actinomycetia_o__Actinomycetales_f__Dermabacteraceae_g__Devriesea_s__Devriesea_agamarum,RS_GCF_900070355.1,Contemporaneous,1.0000000000000002,0.0
p__Actinobacteriota_c__Actinomycetia_o__Propionibacteriales_f__Nocardioidaceae_g__Nocardioides_s__Nocardioides_humi,RS_GCF_006494775.1,Contemporaneous,1.0000000000000002,0.0
_p146,_h7,Cospeciation,1.0000000000000002,1.0000000000000002
p__Actinobacteriota_c__Actinomycetia_o__Actinomycetales_f__Cellulomonadaceae_g__Oerskovia_s__Oerskovia_sp005937995,RS_GCF_005937995.2,Contemporaneous,1.0000000000000002,0.0
p__Actinobacteriota_c__Actinomycetia_o__Actinomycetales_f__Cellulomonadaceae_g__Cellulosimicrobium_s__Cellulosimicrobium_sp009708005,RS_GCF_009708005.2,Contemporaneous,1.0000000000000002,0.0
_p2,_h272,Cospeciation,1.0,1.0
_p3,RS_GCF_900185725.1,Transfer,1.0,1.0
p__Actinobacteriota_c__Actinomycetia_o__Streptomycetales_f__Streptomycetaceae_g__Streptomyces_s__Streptomyces_sp001905125,RS_GCF_001905125.1,Contemporaneous,1.0,0.0
_p4,RS_GCF_900185725.1,Transfer,1.0,0.5
_p5,RS_GCF_000720325.1,Transfer,0.5,0.25
_p6,RS_GCF_003610995.1,Transfer,0.5,0.5
p__Actinobacteriota_c__Actinomycetia_o__Mycobacteriales_f__Mycobacteriaceae_g__Mycobacterium_s__Mycobacterium_sp018361265,RS_GCF_018361265.1,Contemporaneous,1.0,0.0
p__Actinobacteriota_c__Actinomycetia_o__Streptomycetales_f__Streptomycetaceae_g__Streptomyces_s__Streptomyces_sp003116725,RS_GCF_003610995.1,Contemporaneous,1.0,0.0
p__Actinobacteriota_c__Actinomycetia_o__Streptomycetales_f__Streptomycetaceae_g__Streptomyces_s__Streptomyces_sp000720325,RS_GCF_000720325.1,Contemporaneous,1.0,0.0
p__Proteobacteria_c__Alphaproteobacteria_o__Rhizobiales_f__Stappiaceae_g__Stappia_s__Stappia_sp900185725,RS_GCF_900185725.1,Contemporaneous,1.0,0.0
_p7,GB_GCA_002722295.1,Transfer,1.0,0.525035765379113
_p9,RS_GCF_003892345.1,Transfer,0.525035765379113,0.11444921316165953
_p10,RS_GCF_000705555.1,Transfer,0.22889842632331905,0.057224606580829764
_p17,RS_GCF_000264455.2,Transfer,0.2646638054363376,0.1323319027181688
_p30,RS_GCF_001482385.1,Transfer,0.4828326180257511,0.4828326180257511
_p31,_h184,Cospeciation,0.9656652360515022,0.9656652360515022
_p32,RS_GCF_008693385.1,Transfer,0.9656652360515022,0.24141630901287556
_p33,RS_GCF_900156545.1,Transfer,0.24141630901287556,0.12070815450643778
_p35,RS_GCF_000024725.1,Transfer,0.4828326180257511,0.24141630901287556
_p36,RS_GCF_000009365.1,Transfer,0.4828326180257511,0.19313304721030045
_p37,GB_GCA_000953735.1,Transfer,0.3862660944206009,0.19313304721030045
_p38,_h258,Transfer,0.5793991416309013,0.5793991416309013
p__Proteobacteria_c__Gammaproteobacteria_o__Pseudomonadales_f__Marinomonadaceae_g__Marinomonas_s__Marinomonas_arctica,RS_GCF_003259225.1,Contemporaneous,1.0,0.0
_p39,_h258,Cospeciation,1.0,1.0
_p40,_h259,Cospeciation,1.0,1.0
p__Proteobacteria_c__Gammaproteobacteria_o__Enterobacterales_f__Vibrionaceae_g__Vibrio_s__Vibrio_proteolyticus,RS_GCF_000467125.1,Contemporaneous,1.0,0.0
p__Proteobacteria_c__Gammaproteobacteria_o__Enterobacterales_f__Vibrionaceae_g__Vibrio_s__Vibrio_coralliilyticus,RS_GCF_000176135.1,Contemporaneous,1.0,0.0
p__Proteobacteria_c__Gammaproteobacteria_o__Enterobacterales_f__Vibrionaceae_g__Vibrio_s__Vibrio_cyclitrophicus,RS_GCF_005144905.1,Contemporaneous,1.0,0.0
p__Proteobacteria_c__Gammaproteobacteria_o__Enterobacterales_f__Moritellaceae_g__Moritella_s__Moritella_viscosa,GB_GCA_000953735.1,Contemporaneous,1.0,0.0
p__Proteobacteria_c__Gammaproteobacteria_o__Pseudomonadales_f__Alcanivoracaceae_g__Alcanivorax_s__Alcanivorax_borkumensis,RS_GCF_000009365.1,Contemporaneous,1.0,0.0
p__Proteobacteria_c__Gammaproteobacteria_o__Nitrosococcales_f__Nitrosococcaceae_g__Nitrosococcus_s__Nitrosococcus_halophilus,RS_GCF_000024725.1,Contemporaneous,1.0,0.0
_p34,RS_GCF_900156545.1,Transfer,0.5000000000000001,0.5000000000000001
p__Proteobacteria_c__Gammaproteobacteria_o__Pseudomonadales_f__Pseudomonadaceae_g__Azotobacter_s__Azotobacter_salinestris,RS_GCF_009363155.1,Contemporaneous,1.0000000000000002,0.0
p__Proteobacteria_c__Gammaproteobacteria_o__Pseudomonadales_f__Pseudomonadaceae_g__Pseudomonas_E_s__Pseudomonas_E_alcaligenes_A,RS_GCF_900156545.1,Contemporaneous,1.0000000000000002,0.0
_p41,RS_GCF_008693385.1,Transfer,0.9670958512160232,0.9670958512160232
_p47,95.0_g__Paraburkholderia,Cospeciation,1.0000000000000002,1.0000000000000002
_p48,RS_GCF_014200455.1,Transfer,1.0000000000000002,1.0000000000000002
p__Proteobacteria_c__Gammaproteobacteria_o__Pseudomonadales_f__Pseudomonadaceae_g__Pseudomonas_E_s__Pseudomonas_E_quercus,RS_GCF_012033695.1,Contemporaneous,1.0000000000000002,0.0
_p49,RS_GCF_014200455.1,Transfer,1.0000000000000002,1.0000000000000002
p__Proteobacteria_c__Gammaproteobacteria_o__Burkholderiales_f__Burkholderiaceae_g__Paraburkholderia_s__Paraburkholderia_sp900142905,RS_GCF_900142905.1,Contemporaneous,1.0000000000000002,0.0
p__Proteobacteria_c__Gammaproteobacteria_o__Burkholderiales_f__Burkholderiaceae_g__Paraburkholderia_s__Paraburkholderia_bannensis_A,RS_GCF_014200455.1,Contemporaneous,1.0000000000000002,0.0
_p50,_h179,Transfer,1.0000000000000002,1.0000000000000002
p__Proteobacteria_c__Alphaproteobacteria_o__Rhizobiales_f__Beijerinckiaceae_g__Methylobacterium_s__Methylobacterium_rhodinum,RS_GCF_014199935.1,Contemporaneous,1.0000000000000002,0.0
_p51,_h179,Transfer,1.0000000000000002,1.0000000000000002
_p53,100.0_g__Burkholderia,Cospeciation,1.0000000000000002,1.0000000000000002
_p54,_h183,Cospeciation,1.0000000000000002,1.0000000000000002
p__Proteobacteria_c__Gammaproteobacteria_o__Burkholderiales_f__Burkholderiaceae_g__Burkholderia_s__Burkholderia_lata,RS_GCF_000012945.1,Contemporaneous,1.0000000000000002,0.0
p__Proteobacteria_c__Gammaproteobacteria_o__Burkholderiales_f__Burkholderiaceae_g__Burkholderia_s__Burkholderia_ambifaria,RS_GCF_000203915.1,Contemporaneous,1.0000000000000002,0.0
_p55,RS_GCF_000011705.1,Transfer,1.0000000000000002,0.5000000000000001
_p56,100.0_g__Caballeronia,Transfer,0.5000000000000001,0.16666666666666669
_p58,RS_GCF_000013645.1,Transfer,0.33333333333333337,0.33333333333333337
p__Proteobacteria_c__Gammaproteobacteria_o__Burkholderiales_f__Burkholderiaceae_g__Paraburkholderia_s__Paraburkholderia_fungorum,RS_GCF_902833645.1,Contemporaneous,1.0000000000000002,0.0
p__Proteobacteria_c__Gammaproteobacteria_o__Burkholderiales_f__Burkholderiaceae_g__Paraburkholderia_s__Paraburkholderia_xenovorans,RS_GCF_000013645.1,Contemporaneous,1.0000000000000002,0.0
_p57,100.0_g__Caballeronia,Cospeciation,1.0000000000000002,1.0000000000000002
p__Proteobacteria_c__Gammaproteobacteria_o__Burkholderiales_f__Burkholderiaceae_g__Caballeronia_s__Caballeronia_peredens,GB_GCA_001544595.2,Contemporaneous,1.0000000000000002,0.0
p__Proteobacteria_c__Gammaproteobacteria_o__Burkholderiales_f__Burkholderiaceae_g__Caballeronia_s__Caballeronia_sp001557535,RS_GCF_001557535.2,Contemporaneous,1.0000000000000002,0.0
p__Proteobacteria_c__Gammaproteobacteria_o__Burkholderiales_f__Burkholderiaceae_g__Burkholderia_s__Burkholderia_mallei,RS_GCF_000011705.1,Contemporaneous,1.0000000000000002,0.0
_p52,_h179,Cospeciation,1.0000000000000002,1.0000000000000002
p__Proteobacteria_c__Gammaproteobacteria_o__Burkholderiales_f__Burkholderiaceae_g__Paraburkholderia_s__Paraburkholderia_phymatum,RS_GCF_000020045.1,Contemporaneous,1.0000000000000002,0.0
p__Proteobacteria_c__Gammaproteobacteria_o__Burkholderiales_f__Burkholderiaceae_g__Paraburkholderia_s__Paraburkholderia_bonniea,_h180,Loss,1.0000000000000002,1.0000000000000002
p__Proteobacteria_c__Gammaproteobacteria_o__Burkholderiales_f__Burkholderiaceae_g__Paraburkholderia_s__Paraburkholderia_bonniea,RS_GCF_009455625.1,Contemporaneous,1.0000000000000002,0.0
_p42,RS_GCF_008693385.1,Transfer,0.9685264663805438,0.4842632331902719
_p45,RS_GCF_000016565.1,Transfer,0.5000000000000002,0.2500000000000001
_p46,RS_GCF_001709345.1,Transfer,0.5000000000000002,0.5000000000000002
p__Proteobacteria_c__Gammaproteobacteria_o__Pseudomonadales_f__Pseudomonadaceae_g__Pseudomonas_E_s__Pseudomonas_E_sp002338065,GB_GCA_002338065.1,Contemporaneous,1.0000000000000004,0.0
p__Proteobacteria_c__Gammaproteobacteria_o__Pseudomonadales_f__Halomonadaceae_g__Terasakiispira_s__Terasakiispira_papahanaumokuakeensis,RS_GCF_001709345.1,Contemporaneous,1.0000000000000004,0.0
p__Proteobacteria_c__Gammaproteobacteria_o__Pseudomonadales_f__Pseudomonadaceae_g__Pseudomonas_E_s__Pseudomonas_E_mendocina_A,RS_GCF_000016565.1,Contemporaneous,1.0000000000000004,0.0
_p43,RS_GCF_008693385.1,Transfer,0.9713876967095854,0.9713876967095854
p__Proteobacteria_c__Gammaproteobacteria_o__Burkholderiales_f__Burkholderiaceae_g__Glaciimonas_s__Glaciimonas_sp016917355,RS_GCF_016917355.1,Contemporaneous,1.0000000000000002,0.0
_p44,RS_GCF_008693385.1,Transfer,0.9771101573676684,0.9771101573676684
p__Proteobacteria_c__Gammaproteobacteria_o__Burkholderiales_f__Burkholderiaceae_g__Cupriavidus_s__Cupriavidus_gilardii_C,RS_GCF_013314895.1,Contemporaneous,1.0000000000000002,0.0
p__Proteobacteria_c__Gammaproteobacteria_o__Burkholderiales_f__Burkholderiaceae_g__Cupriavidus_s__Cupriavidus_pauculus_D,RS_GCF_008693385.1,Contemporaneous,1.0000000000000002,0.0
_p59,_h185,Cospeciation,0.9656652360515022,0.9656652360515022
_p64,RS_GCF_000069785.1,Transfer,0.9656652360515022,0.4828326180257511
_p102,100.0_g__Pseudoduganella,Transfer,0.5,0.12030247479376718
_p104,RS_GCF_001676705.1,Transfer,0.24060494958753437,0.09624197983501376
_p105,RS_GCF_001269985.1,Transfer,0.39999999999999997,0.19999999999999998
_p106,RS_GCF_000764185.1,Transfer,0.5999999999999999,0.5999999999999999
p__Proteobacteria_c__Gammaproteobacteria_o__Enterobacterales_f__Alteromonadaceae_g__Pseudoalteromonas_s__Pseudoalteromonas_sp002850255,RS_GCF_002850255.1,Contemporaneous,0.9999999999999999,0.0
p__Proteobacteria_c__Gammaproteobacteria_o__Enterobacterales_f__Alteromonadaceae_g__Colwellia_s__Colwellia_psychrerythraea_B,RS_GCF_000764185.1,Contemporaneous,0.9999999999999999,0.0
p__Proteobacteria_c__Gammaproteobacteria_o__Enterobacterales_f__Alteromonadaceae_g__Pseudoalteromonas_s__Pseudoalteromonas_sp001269985,RS_GCF_001269985.1,Contemporaneous,1.0,0.0
_p107,RS_GCF_001676705.1,Transfer,0.4812098991750688,0.11732355637030249
_p108,_h174,Transfer,0.23464711274060499,0.058661778185151246
_p118,_h197,Transfer,0.23464711274060499,0.058661778185151246
_p119,RS_GCF_900078705.1,Transfer,0.256416131989001,0.1282080659945005
_p120,RS_GCF_014904815.1,Transfer,0.5000000000000001,0.5000000000000001
p__Proteobacteria_c__Gammaproteobacteria_o__Pseudomonadales_f__Cellvibrionaceae_g__Cellvibrio_s__Cellvibrio_sp003056245,GB_GCA_003056245.1,Contemporaneous,1.0000000000000002,0.0
p__Proteobacteria_c__Gammaproteobacteria_o__Pseudomonadales_f__Cellvibrionaceae_g__Microbulbifer_s__Microbulbifer_taiwanensis,RS_GCF_014904815.1,Contemporaneous,1.0000000000000002,0.0
_p121,RS_GCF_900078705.1,Transfer,0.5036663611365721,0.5036663611365721
p__Proteobacteria_c__Gammaproteobacteria_o__Burkholderiales_f__Rhodocyclaceae_g__Thauera_s__Thauera_phenylacetica,RS_GCF_000310225.1,Contemporaneous,1.0000000000000002,0.0
p__Proteobacteria_c__Gammaproteobacteria_o__Burkholderiales_f__Burkholderiaceae_g__Bordetella_B_s__Bordetella_B_ansorpii_A,RS_GCF_900078705.1,Contemporaneous,1.0000000000000002,0.0
_p122,_h197,Transfer,0.4876260311640697,0.24381301558203486
_p123,100.0_f__Nitrosomonadaceae,Transfer,0.505499541704858,0.505499541704858
p__Proteobacteria_c__Gammaproteobacteria_o__Burkholderiales_f__Burkholderiaceae_g__Derxia_s__Derxia_lacustris,RS_GCF_002105195.1,Contemporaneous,1.0000000000000002,0.0
_p124,100.0_f__Nitrosomonadaceae,Cospeciation,1.0000000000000002,1.0000000000000002
p__Proteobacteria_c__Gammaproteobacteria_o__Burkholderiales_f__Nitrosomonadaceae_g__Nitrosomonas_s__Nitrosomonas_sp015709635,GB_GCA_015709635.1,Contemporaneous,1.0000000000000002,0.0
p__Proteobacteria_c__Gammaproteobacteria_o__Burkholderiales_f__Nitrosomonadaceae_g__Nitrosospira_s__Nitrosospira_sp013821425,GB_GCA_013821425.1,Contemporaneous,1.0000000000000002,0.0
_p125,_h197,Cospeciation,0.9862511457378553,0.9862511457378553
_p128,_h198,Transfer,0.9862511457378553,0.49312557286892766
_p133,_h202,Transfer,0.5004582951420715,0.25022914757103576
_p137,RS_GCF_003953935.1,Transfer,0.49679193400549965,0.12419798350137491
_p138,RS_GCF_000165835.1,Transfer,0.2511457378551788,0.1255728689275894
_p140,RS_GCF_000335815.1,Transfer,0.49816681943171415,0.24908340971585707
_p141,RS_GCF_002752655.1,Transfer,0.5018331805682861,0.5018331805682861
p__Proteobacteria_c__Gammaproteobacteria_o__Burkholderiales_f__Burkholderiaceae_g__Diaphorobacter_A_s__Diaphorobacter_A_sp011305995,RS_GCF_011305995.1,Contemporaneous,1.0000000000000002,0.0
p__Proteobacteria_c__Alphaproteobacteria_o__Rhizobiales_f__Beijerinckiaceae_g__Methylosinus_s__Methylosinus_trichosporium,RS_GCF_002752655.1,Contemporaneous,1.0000000000000002,0.0
p__Proteobacteria_c__Gammaproteobacteria_o__Burkholderiales_f__Burkholderiaceae_g__Duganella_s__Duganella_sp000335815,RS_GCF_000335815.1,Contemporaneous,1.0000000000000002,0.0
_p139,RS_GCF_000165835.1,Transfer,0.5013748854262146,0.5013748854262146
p__Proteobacteria_c__Gammaproteobacteria_o__Burkholderiales_f__Burkholderiaceae_g__Pigmentiphaga_s__Pigmentiphaga_litoralis_A,RS_GCF_013408655.1,Contemporaneous,1.0000000000000002,0.0
p__Proteobacteria_c__Gammaproteobacteria_o__Burkholderiales_f__Burkholderiaceae_g__Achromobacter_s__Achromobacter_xylosoxidans_B,RS_GCF_000165835.1,Contemporaneous,1.0000000000000002,0.0
p__Proteobacteria_c__Gammaproteobacteria_o__Burkholderiales_f__Burkholderiaceae_g__Massilia_s__Massilia_atriviolacea,RS_GCF_003953935.1,Contemporaneous,1.0000000000000002,0.0
_p134,_h202,Cospeciation,1.0000000000000002,1.0000000000000002
_p135,_h203,Cospeciation,1.0000000000000002,1.0000000000000002
p__Proteobacteria_c__Gammaproteobacteria_o__Burkholderiales_f__Burkholderiaceae_g__Roseateles_s__Roseateles_sp900109745,RS_GCF_900109745.1,Contemporaneous,1.0000000000000002,0.0
p__Proteobacteria_c__Gammaproteobacteria_o__Burkholderiales_f__Burkholderiaceae_g__Mitsuaria_s__Mitsuaria_aquatilis,100.0_g__Mitsuaria,Loss,1.0000000000000002,1.0000000000000002
p__Proteobacteria_c__Gammaproteobacteria_o__Burkholderiales_f__Burkholderiaceae_g__Mitsuaria_s__Mitsuaria_aquatilis,RS_GCF_002205645.1,Contemporaneous,1.0000000000000002,0.0
_p136,RS_GCF_002116905.1,Transfer,1.0000000000000002,1.0000000000000002
p__Proteobacteria_c__Gammaproteobacteria_o__Burkholderiales_f__Chitinibacteraceae_g__Chitinolyticbacter_s__Chitinolyticbacter_meiyuanensis,RS_GCF_008033135.1,Contemporaneous,1.0000000000000002,0.0
p__Proteobacteria_c__Gammaproteobacteria_o__Burkholderiales_f__Burkholderiaceae_g__Rhizobacter_s__Rhizobacter_gummiphilus,RS_GCF_002116905.1,Contemporaneous,1.0000000000000002,0.0
_p129,_h198,Cospeciation,1.0000000000000002,1.0000000000000002
_p130,_h199,Transfer,1.0000000000000002,1.0000000000000002
p__Proteobacteria_c__Gammaproteobacteria_o__Burkholderiales_f__Burkholderiaceae_g__Acidovorax_A_s__Acidovorax_A_avenae,RS_GCF_000176855.2,Contemporaneous,1.0000000000000002,0.0
_p131,_h199,Transfer,1.0000000000000002,1.0000000000000002
p__Proteobacteria_c__Gammaproteobacteria_o__Burkholderiales_f__Burkholderiaceae_g__Diaphorobacter_A_s__Diaphorobacter_A_aerolatus,RS_GCF_014489535.1,Contemporaneous,1.0000000000000002,0.0
_p132,_h199,Cospeciation,1.0000000000000002,1.0000000000000002
p__Proteobacteria_c__Gammaproteobacteria_o__Burkholderiales_f__Burkholderiaceae_g__Variovorax_s__Variovorax_paradoxus_C,RS_GCF_000184745.1,Contemporaneous,1.0000000000000002,0.0
p__Proteobacteria_c__Gammaproteobacteria_o__Burkholderiales_f__Burkholderiaceae_g__Variovorax_s__Variovorax_paradoxus_H,_h200,Loss,1.0000000000000002,1.0000000000000002
p__Proteobacteria_c__Gammaproteobacteria_o__Burkholderiales_f__Burkholderiaceae_g__Variovorax_s__Variovorax_paradoxus_H,RS_GCF_009498455.1,Contemporaneous,1.0000000000000002,0.0
p__Proteobacteria_c__Gammaproteobacteria_o__Burkholderiales_f__Burkholderiaceae_g__Variovorax_s__Variovorax_paradoxus_E,RS_GCF_000463015.1,Contemporaneous,1.0000000000000002,0.0
_p126,RS_GCF_016806145.1,Transfer,0.9915215398716775,0.9915215398716775
p__Proteobacteria_c__Gammaproteobacteria_o__Burkholderiales_f__Burkholderiaceae_g__Mitsuaria_s__Mitsuaria_sp900113225,RS_GCF_900113225.1,Contemporaneous,1.0000000000000002,0.0
_p127,RS_GCF_016806145.1,Transfer,0.9931255728689278,0.9931255728689278
p__Proteobacteria_c__Gammaproteobacteria_o__Burkholderiales_f__Burkholderiaceae_g__Variovorax_s__Variovorax_boronicumulans,RS_GCF_001591345.1,Contemporaneous,1.0000000000000002,0.0
p__Proteobacteria_c__Gammaproteobacteria_o__Burkholderiales_f__Burkholderiaceae_g__Variovorax_s__Variovorax_sp900115375,RS_GCF_016806145.1,Contemporaneous,1.0000000000000002,0.0
_p109,_h174,Transfer,0.46929422548121,0.234647112740605
_p112,RS_GCF_009936375.1,Transfer,0.4802933088909259,0.12007332722273148
_p113,RS_GCF_902859625.1,Transfer,0.2621448212648947,0.13107241063244734
_p115,_h248,Transfer,0.5000000000000002,0.5000000000000002
_p117,_h251,Cospeciation,1.0000000000000004,1.0000000000000004
p__Proteobacteria_c__Gammaproteobacteria_o__Pseudomonadales_f__Alcanivoracaceae_g__Alcanivorax_A_s__Alcanivorax_A_sp009846755,RS_GCF_009846755.1,Contemporaneous,1.0000000000000004,0.0
p__Proteobacteria_c__Gammaproteobacteria_o__Pseudomonadales_f__Alcanivoracaceae_g__Alcanivorax_A_s__Alcanivorax_A_pacificus,RS_GCF_000299335.2,Contemporaneous,1.0000000000000004,0.0
_p116,_h248,Cospeciation,1.0000000000000004,1.0000000000000004
p__Proteobacteria_c__Gammaproteobacteria_o__Pseudomonadales_f__Halomonadaceae_g__Halomonas_s__Halomonas_sp003031405,RS_GCF_003031405.1,Contemporaneous,1.0000000000000004,0.0
p__Proteobacteria_c__Gammaproteobacteria_o__Pseudomonadales_f__Halomonadaceae_g__Halomonas_B_s__Halomonas_B_socia,RS_GCF_010977575.1,Contemporaneous,1.0000000000000004,0.0
_p114,RS_GCF_902859625.1,Transfer,0.5087076076993585,0.5087076076993585
p__Proteobacteria_c__Gammaproteobacteria_o__Burkholderiales_f__Burkholderiaceae_g__Aquabacterium_s__Aquabacterium_excrementipullorum,GB_GCA_019112875.1,Contemporaneous,1.0000000000000004,0.0
p__Proteobacteria_c__Gammaproteobacteria_o__Burkholderiales_f__Burkholderiaceae_g__Achromobacter_s__Achromobacter_pestifer,RS_GCF_902859625.1,Contemporaneous,1.0000000000000004,0.0
p__Proteobacteria_c__Alphaproteobacteria_o__Rhizobiales_f__Beijerinckiaceae_g__Methylosinus_s__Methylosinus_sp009936375,RS_GCF_009936375.1,Contemporaneous,1.0000000000000002,0.0
_p110,_h174,Cospeciation,1.0000000000000004,1.0000000000000004
_p111,RS_GCF_000261365.1,Transfer,1.0000000000000004,1.0000000000000004
p__Proteobacteria_c__Gammaproteobacteria_o__Burkholderiales_f__Burkholderiaceae_g__Herbaspirillum_s__Herbaspirillum_sp002257565,RS_GCF_002257565.1,Contemporaneous,1.0000000000000004,0.0
p__Proteobacteria_c__Gammaproteobacteria_o__Burkholderiales_f__Burkholderiaceae_g__Herbaspirillum_s__Herbaspirillum_sp000261365,RS_GCF_000261365.1,Contemporaneous,1.0000000000000004,0.0
p__Proteobacteria_c__Gammaproteobacteria_o__Burkholderiales_f__Burkholderiaceae_g__Herbaspirillum_s__Herbaspirillum_seropedicae,RS_GCF_001040945.1,Contemporaneous,1.0000000000000004,0.0
p__Proteobacteria_c__Gammaproteobacteria_o__Burkholderiales_f__Burkholderiaceae_g__Bordetella_C_s__Bordetella_C_bronchialis,RS_GCF_001676705.1,Contemporaneous,1.0000000000000004,0.0
_p103,100.0_g__Pseudoduganella,Cospeciation,0.9999999999999998,0.9999999999999998
p__Proteobacteria_c__Gammaproteobacteria_o__Burkholderiales_f__Burkholderiaceae_g__Pseudoduganella_s__Pseudoduganella_sp001191005,RS_GCF_001191005.1,Contemporaneous,0.9999999999999998,0.0
p__Proteobacteria_c__Gammaproteobacteria_o__Burkholderiales_f__Burkholderiaceae_g__Pseudoduganella_s__Pseudoduganella_sp001425265,RS_GCF_001425265.1,Contemporaneous,0.9999999999999998,0.0
_p65,RS_GCF_000069785.1,Transfer,0.9656652360515025,0.9656652360515025
p__Proteobacteria_c__Gammaproteobacteria_o__Burkholderiales_f__Burkholderiaceae_g__Pandoraea_s__Pandoraea_terrigena,RS_GCF_902459705.1,Contemporaneous,1.0000000000000002,0.0
_p66,RS_GCF_000069785.1,Transfer,0.9656652360515025,0.9656652360515025
p__Proteobacteria_c__Gammaproteobacteria_o__Pseudomonadales_f__Pseudomonadaceae_g__Pseudomonas_E_s__Pseudomonas_E_fluorescens_BB,RS_GCF_003851495.1,Contemporaneous,1.0000000000000002,0.0
_p67,RS_GCF_000069785.1,Transfer,0.9656652360515025,0.2414163090128756
_p68,RS_GCF_001653135.1,Transfer,0.2414163090128756,0.07725321888412019
_p71,_h246,Transfer,0.3200000000000001,0.08000000000000003
_p72,_h225,Transfer,0.2,0.1
_p73,GB_GCA_000497835.1,Transfer,0.4900000000000001,0.24500000000000005
_p74,RS_GCF_013395055.1,Transfer,0.43500000000000005,0.21750000000000003
_p75,RS_GCF_013523055.1,Transfer,0.5100000000000001,0.5100000000000001
p__Proteobacteria_c__Gammaproteobacteria_o__Pseudomonadales_f__Pseudomonadaceae_g__Pseudomonas_E_s__Pseudomonas_E_sp000829415,RS_GCF_000829415.1,Contemporaneous,1.0000000000000002,0.0
p__Proteobacteria_c__Gammaproteobacteria_o__Pseudomonadales_f__Pseudomonadaceae_g__Pseudomonas_E_s__Pseudomonas_E_capeferrum_A,RS_GCF_013523055.1,Contemporaneous,1.0000000000000002,0.0
p__Proteobacteria_c__Gammaproteobacteria_o__Pseudomonadales_f__Pseudomonadaceae_g__Pseudomonas_Q_s__Pseudomonas_Q_sp013395055,RS_GCF_013395055.1,Contemporaneous,1.0000000000000002,0.0
p__Proteobacteria_c__Gammaproteobacteria_o__Pseudomonadales_f__Pseudomonadaceae_g__Pseudomonas_E_s__Pseudomonas_E_sp000497835,GB_GCA_000497835.1,Contemporaneous,1.0000000000000002,0.0
_p76,_h225,Cospeciation,0.6300000000000001,0.6300000000000001
_p78,RS_GCF_000746525.1,Transfer,0.6300000000000001,0.31500000000000006
_p79,RS_GCF_019139835.1,Transfer,0.6850000000000002,0.6850000000000002
p__Proteobacteria_c__Gammaproteobacteria_o__Pseudomonadales_f__Pseudomonadaceae_g__Pseudomonas_E_s__Pseudomonas_E_putida_B,RS_GCF_001636055.1,Contemporaneous,1.0000000000000002,0.0
p__Proteobacteria_c__Gammaproteobacteria_o__Pseudomonadales_f__Pseudomonadaceae_g__Pseudomonas_E_s__Pseudomonas_E_sp019139835,RS_GCF_019139835.1,Contemporaneous,1.0000000000000002,0.0
p__Proteobacteria_c__Gammaproteobacteria_o__Pseudomonadales_f__Pseudomonadaceae_g__Pseudomonas_E_s__Pseudomonas_E_alkylphenolica,RS_GCF_000746525.1,Contemporaneous,1.0000000000000002,0.0
_p77,RS_GCF_018417635.1,Transfer,0.6300000000000001,0.6300000000000001
p__Proteobacteria_c__Gammaproteobacteria_o__Pseudomonadales_f__Pseudomonadaceae_g__Pseudomonas_E_s__Pseudomonas_E_entomophila,RS_GCF_000026105.1,Contemporaneous,1.0000000000000002,0.0
p__Proteobacteria_c__Gammaproteobacteria_o__Pseudomonadales_f__Pseudomonadaceae_g__Pseudomonas_E_s__Pseudomonas_E_sp900101695,RS_GCF_018417635.1,Contemporaneous,1.0000000000000002,0.0
_p80,_h246,Cospeciation,0.6400000000000001,0.6400000000000001
_p86,RS_GCF_012767755.2,Transfer,0.6600000000000001,0.33000000000000007
_p87,RS_GCF_000019225.1,Transfer,0.5000000000000002,0.5000000000000002
p__Proteobacteria_c__Gammaproteobacteria_o__Pseudomonadales_f__Pseudomonadaceae_g__Azotobacter_s__Azotobacter_vinelandii,RS_GCF_000380335.1,Contemporaneous,1.0000000000000004,0.0
p__Proteobacteria_c__Gammaproteobacteria_o__Pseudomonadales_f__Cellvibrionaceae_g__Cellvibrio_s__Cellvibrio_japonicus,RS_GCF_000019225.1,Contemporaneous,1.0000000000000004,0.0
_p88,RS_GCF_012767755.2,Transfer,0.6800000000000002,0.6800000000000002
p__Proteobacteria_c__Gammaproteobacteria_o__Pseudomonadales_f__Ketobacteraceae_g__42-54-T18_s__42-54-T18_sp002163245,GB_GCA_002163245.1,Contemporaneous,1.0000000000000002,0.0
_p89,RS_GCF_012767755.2,Transfer,0.7200000000000002,0.3600000000000001
_p90,_h234,Transfer,0.5700000000000001,0.5700000000000001
p__Proteobacteria_c__Gammaproteobacteria_o__Pseudomonadales_f__Pseudomonadaceae_g__Pseudomonas_E_s__Pseudomonas_E_sp900475325,GB_GCA_900475325.1,Contemporaneous,1.0000000000000002,0.0
_p91,_h234,Cospeciation,1.0000000000000002,1.0000000000000002
_p92,_h245,Cospeciation,1.0000000000000002,1.0000000000000002
p__Proteobacteria_c__Gammaproteobacteria_o__Pseudomonadales_f__Pseudomonadaceae_g__Pseudomonas_E_s__Pseudomonas_E_sp001547895,RS_GCF_001547895.1,Contemporaneous,1.0000000000000002,0.0
p__Proteobacteria_c__Gammaproteobacteria_o__Pseudomonadales_f__Pseudomonadaceae_g__Pseudomonas_E_s__Pseudomonas_E_protegens,RS_GCF_000397205.1,Contemporaneous,1.0000000000000002,0.0
_p93,_h235,Cospeciation,1.0000000000000002,1.0000000000000002
_p94,_h242,Cospeciation,1.0000000000000002,1.0000000000000002
p__Proteobacteria_c__Gammaproteobacteria_o__Pseudomonadales_f__Pseudomonadaceae_g__Pseudomonas_E_s__Pseudomonas_E_fluorescens_BA,RS_GCF_003626995.1,Contemporaneous,1.0000000000000002,0.0
_p95,_h243,Cospeciation,1.0000000000000002,1.0000000000000002
p__Proteobacteria_c__Gammaproteobacteria_o__Pseudomonadales_f__Pseudomonadaceae_g__Pseudomonas_E_s__Pseudomonas_E_sp002843605,_h244,Loss,1.0000000000000002,1.0000000000000002
p__Proteobacteria_c__Gammaproteobacteria_o__Pseudomonadales_f__Pseudomonadaceae_g__Pseudomonas_E_s__Pseudomonas_E_sp002843605,RS_GCF_002843605.1,Contemporaneous,1.0000000000000002,0.0
p__Proteobacteria_c__Gammaproteobacteria_o__Pseudomonadales_f__Pseudomonadaceae_g__Pseudomonas_E_s__Pseudomonas_E_orientalis_A,RS_GCF_002934065.1,Contemporaneous,1.0000000000000002,0.0
_p96,_h236,Cospeciation,1.0000000000000002,1.0000000000000002
p__Proteobacteria_c__Gammaproteobacteria_o__Pseudomonadales_f__Pseudomonadaceae_g__Pseudomonas_E_s__Pseudomonas_E_sp018325905,RS_GCF_018325905.1,Contemporaneous,1.0000000000000002,0.0
_p97,_h237,Cospeciation,1.0000000000000002,1.0000000000000002
p__Proteobacteria_c__Gammaproteobacteria_o__Pseudomonadales_f__Pseudomonadaceae_g__Pseudomonas_E_s__Pseudomonas_E_sp000282195,RS_GCF_000282195.1,Contemporaneous,1.0000000000000002,0.0
_p98,_h238,Cospeciation,1.0000000000000002,1.0000000000000002
_p100,_h240,Loss,1.0000000000000002,0.5000000000000001
_p100,_h241,Cospeciation,0.5000000000000001,0.5000000000000001
p__Proteobacteria_c__Gammaproteobacteria_o__Pseudomonadales_f__Pseudomonadaceae_g__Pseudomonas_E_s__Pseudomonas_E_sp016651305,RS_GCF_016651305.1,Contemporaneous,1.0000000000000002,0.0
_p101,RS_GCF_018326005.1,Transfer,0.5000000000000001,0.5000000000000001
p__Proteobacteria_c__Gammaproteobacteria_o__Pseudomonadales_f__Pseudomonadaceae_g__Pseudomonas_E_s__Pseudomonas_E_fluorescens_G,GB_GCA_902825215.1,Contemporaneous,1.0000000000000002,0.0
p__Proteobacteria_c__Gammaproteobacteria_o__Pseudomonadales_f__Pseudomonadaceae_g__Pseudomonas_E_s__Pseudomonas_E_sp002901475,RS_GCF_018326005.1,Contemporaneous,1.0000000000000002,0.0
_p99,_h239,Cospeciation,1.0000000000000002,1.0000000000000002
p__Proteobacteria_c__Gammaproteobacteria_o__Pseudomonadales_f__Pseudomonadaceae_g__Pseudomonas_E_s__Pseudomonas_E_sp000282455,RS_GCF_000282455.1,Contemporaneous,1.0000000000000002,0.0
p__Proteobacteria_c__Gammaproteobacteria_o__Pseudomonadales_f__Pseudomonadaceae_g__Pseudomonas_E_s__Pseudomonas_E_sp019200975,GB_GCA_019200975.1,Contemporaneous,1.0000000000000002,0.0
p__Proteobacteria_c__Gammaproteobacteria_o__Pseudomonadales_f__Pseudomonadaceae_g__Pseudomonas_F_s__Pseudomonas_F_sp003234055,RS_GCF_012767755.2,Contemporaneous,1.0000000000000002,0.0
_p81,RS_GCF_001512295.1,Transfer,0.6475000000000001,0.16187500000000002
_p83,RS_GCF_904063065.1,Transfer,0.3375000000000001,0.11250000000000003
_p85,RS_GCF_003116035.1,Transfer,0.33333333333333337,0.33333333333333337
p__Proteobacteria_c__Alphaproteobacteria_o__Azospirillales_f__Azospirillaceae_g__Azospirillum_s__Azospirillum_thiophilum,RS_GCF_001305595.1,Contemporaneous,1.0000000000000002,0.0
p__Proteobacteria_c__Alphaproteobacteria_o__Azospirillales_f__Azospirillaceae_g__Azospirillum_s__Azospirillum_sp003116035,RS_GCF_003116035.1,Contemporaneous,1.0000000000000002,0.0
_p84,RS_GCF_904063065.1,Transfer,0.5050000000000001,0.5050000000000001
p__Proteobacteria_c__Gammaproteobacteria_o__Pseudomonadales_f__Pseudomonadaceae_g__Pseudomonas_E_s__Pseudomonas_E_putida_Q,RS_GCF_000498395.2,Contemporaneous,1.0000000000000002,0.0
p__Proteobacteria_c__Gammaproteobacteria_o__Pseudomonadales_f__Pseudomonadaceae_g__Pseudomonas_E_s__Pseudomonas_E_paraversuta,RS_GCF_904063065.1,Contemporaneous,1.0000000000000002,0.0
_p82,RS_GCF_001512295.1,Transfer,0.8200000000000001,0.8200000000000001
p__Proteobacteria_c__Gammaproteobacteria_o__Pseudomonadales_f__Pseudomonadaceae_g__Pseudomonas_E_s__Pseudomonas_E_oleovorans_B,RS_GCF_014109765.1,Contemporaneous,1.0000000000000002,0.0
p__Proteobacteria_c__Gammaproteobacteria_o__Pseudomonadales_f__Pseudomonadaceae_g__Pseudomonas_B_s__Pseudomonas_B_sp001512295,RS_GCF_001512295.1,Contemporaneous,1.0000000000000002,0.0
_p69,RS_GCF_001653135.1,Transfer,0.4828326180257512,0.2414163090128756
_p70,RS_GCF_000214215.1,Transfer,0.517167381974249,0.517167381974249
p__Proteobacteria_c__Gammaproteobacteria_o__Pseudomonadales_f__Cellvibrionaceae_g__Cellvibrio_s__Cellvibrio_sp002007605,RS_GCF_002007605.1,Contemporaneous,1.0000000000000002,0.0
p__Proteobacteria_c__Gammaproteobacteria_o__Pseudomonadales_f__Marinomonadaceae_g__Marinomonas_s__Marinomonas_posidonica,RS_GCF_000214215.1,Contemporaneous,1.0000000000000002,0.0
p__Proteobacteria_c__Gammaproteobacteria_o__Enterobacterales_f__Alteromonadaceae_g__Pseudoalteromonas_s__Pseudoalteromonas_neustonica,RS_GCF_001653135.1,Contemporaneous,1.0000000000000002,0.0
p__Proteobacteria_c__Gammaproteobacteria_o__Burkholderiales_f__Burkholderiaceae_g__Cupriavidus_s__Cupriavidus_taiwanensis,RS_GCF_000069785.1,Contemporaneous,1.0000000000000002,0.0
_p60,RS_GCF_000426345.1,Transfer,0.9699570815450644,0.9699570815450644
p__Proteobacteria_c__Gammaproteobacteria_o__Burkholderiales_f__Burkholderiaceae_g__Janthinobacterium_s__Janthinobacterium_sp001865675,RS_GCF_001865675.1,Contemporaneous,1.0,0.0
_p61,RS_GCF_000426345.1,Transfer,0.9742489270386266,0.9742489270386266
p__Proteobacteria_c__Gammaproteobacteria_o__Burkholderiales_f__Burkholderiaceae_g__Bordetella_B_s__Bordetella_B_sp002119665,RS_GCF_002119665.1,Contemporaneous,1.0000000000000002,0.0
_p62,RS_GCF_000426345.1,Transfer,0.9828326180257512,0.4914163090128756
_p63,RS_GCF_004923295.1,Transfer,0.5000000000000001,0.5000000000000001
p__Proteobacteria_c__Alphaproteobacteria_o__Azospirillales_f__Azospirillaceae_g__Nitrospirillum_s__Nitrospirillum_amazonense,RS_GCF_000730165.1,Contemporaneous,1.0000000000000002,0.0
p__Proteobacteria_c__Alphaproteobacteria_o__Azospirillales_f__Azospirillaceae_g__Azospirillum_s__Azospirillum_sp003115975,RS_GCF_004923295.1,Contemporaneous,1.0000000000000002,0.0
p__Proteobacteria_c__Gammaproteobacteria_o__Burkholderiales_f__Burkholderiaceae_g__Cupriavidus_s__Cupriavidus_sp000426345,RS_GCF_000426345.1,Contemporaneous,1.0000000000000002,0.0
p__Proteobacteria_c__Gammaproteobacteria_o__Enterobacterales_f__Alteromonadaceae_g__Pseudoalteromonas_s__Pseudoalteromonas_rubra_B,RS_GCF_001482385.1,Contemporaneous,1.0,0.0
_p18,RS_GCF_000264455.2,Transfer,0.525035765379113,0.525035765379113
_p19,100.0_f__Xanthobacteraceae,Cospeciation,1.0,1.0
_p23,_h275,Transfer,1.0,0.5
_p24,RS_GCF_003663825.1,Transfer,0.5,0.25
_p25,GB_GCA_003970805.2,Transfer,0.5,0.16666666666666666
_p26,RS_GCF_003416895.1,Transfer,0.3333333333333333,0.3333333333333333
p__Proteobacteria_c__Gammaproteobacteria_o__Burkholderiales_f__Burkholderiaceae_g__Duganella_s__Duganella_sp003416985,RS_GCF_003416985.1,Contemporaneous,1.0,0.0
p__Proteobacteria_c__Gammaproteobacteria_o__Burkholderiales_f__Burkholderiaceae_g__Duganella_s__Duganella_sp003416895,RS_GCF_003416895.1,Contemporaneous,1.0,0.0
p__Proteobacteria_c__Gammaproteobacteria_o__Burkholderiales_f__Burkholderiaceae_g__Undibacterium_s__Undibacterium_piscinae,GB_GCA_003970805.2,Contemporaneous,1.0,0.0
p__Proteobacteria_c__Gammaproteobacteria_o__Burkholderiales_f__Burkholderiaceae_g__Acidovorax_s__Acidovorax_sp003663825,RS_GCF_003663825.1,Contemporaneous,1.0,0.0
_p27,_h275,Transfer,1.0,0.5
_p28,GB_GCA_003241695.1,Transfer,0.5,0.5
p__Proteobacteria_c__Alphaproteobacteria_o__DSM-16000_f__Inquilinaceae_g__Inquilinus_s__Inquilinus_limosus,RS_GCF_000423185.1,Contemporaneous,1.0,0.0
p__Proteobacteria_c__Alphaproteobacteria_o__Rhizobiales_f__Methylopilaceae_g__Hansschlegelia_s__Hansschlegelia_sp003241695,GB_GCA_003241695.1,Contemporaneous,1.0,0.0
_p29,_h275,Cospeciation,1.0,1.0
p__Proteobacteria_c__Alphaproteobacteria_o__Rhizobiales_f__Xanthobacteraceae_g__Bradyrhizobium_s__Bradyrhizobium_denitrificans,RS_GCF_000015165.1,Contemporaneous,1.0,0.0
p__Proteobacteria_c__Alphaproteobacteria_o__Rhizobiales_f__Xanthobacteraceae_g__Bradyrhizobium_s__Bradyrhizobium_yuanmingense,RS_GCF_900094575.1,Contemporaneous,1.0,0.0
_p20,GB_GCA_000017645.1,Transfer,1.0,1.0
p__Proteobacteria_c__Alphaproteobacteria_o__Rhizobiales_f__Beijerinckiaceae_g__Microvirga_s__Microvirga_sp016864375,RS_GCF_016864375.1,Contemporaneous,1.0,0.0
_p21,GB_GCA_000017645.1,Transfer,1.0,1.0
_p22,_h280,Cospeciation,1.0,1.0
p__Proteobacteria_c__Alphaproteobacteria_o__Rhizobiales_f__Beijerinckiaceae_g__Methylobacterium_s__Methylobacterium_sp001422885,RS_GCF_001422885.1,Contemporaneous,1.0,0.0
p__Proteobacteria_c__Alphaproteobacteria_o__Rhizobiales_f__Beijerinckiaceae_g__Methylobacterium_s__Methylobacterium_sp000372825,RS_GCF_000372825.1,Contemporaneous,1.0,0.0
p__Proteobacteria_c__Alphaproteobacteria_o__Rhizobiales_f__Xanthobacteraceae_g__Xanthobacter_s__Xanthobacter_autotrophicus,GB_GCA_000017645.1,Contemporaneous,1.0,0.0
p__Proteobacteria_c__Alphaproteobacteria_o__Tistrellales_f__Tistrellaceae_g__Tistrella_s__Tistrella_mobilis,RS_GCF_000264455.2,Contemporaneous,1.0,0.0
_p11,RS_GCF_000705555.1,Transfer,0.4921316165951358,0.2460658082975679
_p12,RS_GCF_000515255.1,Transfer,0.5035765379113019,0.25178826895565093
_p13,_h267,Cospeciation,0.5107296137339056,0.5107296137339056
_p15,_h269,Loss,0.5107296137339056,0.2553648068669528
_p15,100.0_g__Paracoccus,Cospeciation,0.7446351931330473,0.7446351931330473
p__Proteobacteria_c__Alphaproteobacteria_o__Rhodobacterales_f__Rhodobacteraceae_g__Paracoccus_s__Paracoccus_amoyensis,RS_GCF_014490725.1,Contemporaneous,1.0,0.0
_p16,RS_GCF_000444995.1,Transfer,0.7446351931330473,0.7446351931330473
p__Proteobacteria_c__Alphaproteobacteria_o__Rhodobacterales_f__Rhodobacteraceae_g__Gemmobacter_s__Gemmobacter_sp018798885,GB_GCA_018798885.1,Contemporaneous,1.0,0.0
p__Proteobacteria_c__Alphaproteobacteria_o__Rhodobacterales_f__Rhodobacteraceae_g__Paracoccus_s__Paracoccus_aminophilus,RS_GCF_000444995.1,Contemporaneous,1.0,0.0
_p14,_h268,Cospeciation,1.0,1.0
p__Proteobacteria_c__Alphaproteobacteria_o__Rhodobacterales_f__Rhodobacteraceae_g__Epibacterium_s__Epibacterium_scottomollicae,RS_GCF_003003215.1,Contemporaneous,1.0,0.0
p__Proteobacteria_c__Alphaproteobacteria_o__Rhodobacterales_f__Rhodobacteraceae_g__Epibacterium_s__Epibacterium_sp011806385,RS_GCF_011806385.1,Contemporaneous,1.0,0.0
p__Proteobacteria_c__Alphaproteobacteria_o__Kiloniellales_f__Rhodovibrionaceae_g__Rhodovibrio_s__Rhodovibrio_salinarum,RS_GCF_000515255.1,Contemporaneous,1.0000000000000002,0.0
p__Proteobacteria_c__Gammaproteobacteria_o__Pseudomonadales_f__Nitrincolaceae_g__Marinobacterium_s__Marinobacterium_sp000705555,RS_GCF_000705555.1,Contemporaneous,0.9999999999999999,0.0
p__Proteobacteria_c__Gammaproteobacteria_o__Burkholderiales_f__Burkholderiaceae_g__Lautropia_s__Lautropia_dentalis,RS_GCF_003892345.1,Contemporaneous,1.0000000000000002,0.0
_p8,GB_GCA_002722295.1,Transfer,1.0000000000000002,1.0000000000000002
p__Actinobacteriota_c__Actinomycetia_o__Streptomycetales_f__Streptomycetaceae_g__Streptomyces_s__Streptomyces_fuscichromogenes,RS_GCF_014645815.1,Contemporaneous,1.0000000000000002,0.0
p__Proteobacteria_c__Alphaproteobacteria_o__Rhizobiales_f__Stappiaceae_g__Stappia_s__Stappia_sp002722295,GB_GCA_002722295.1,Contemporaneous,1.0000000000000002,0.0
