_p0,_h27,Transfer,0.21739130434782608,0.07905138339920949
_p13,_h79,Transfer,0.23715415019762845,0.05928853754940711
_p95,RS_GCF_007559025.1,Transfer,0.2648221343873518,0.1324110671936759
_p100,RS_GCF_004006015.1,Transfer,0.5,0.2
_p101,_h243,Transfer,0.4,0.2
_p102,_h158,Transfer,0.5,0.25
_p106,_h222,Transfer,0.5,0.125
_p107,_h185,Transfer,0.25,0.125
_p108,RS_GCF_900143645.1,Transfer,0.5,0.09523809523809523
_p109,RS_GCF_900197575.1,Transfer,0.19047619047619047,0.09523809523809523
_p111,GB_GCA_004173455.1,Transfer,0.47619047619047616,0.23809523809523808
_p112,RS_GCF_900096995.1,Transfer,0.5238095238095238,0.3492063492063492
_p113,_h253,Cospeciation,0.6666666666666666,0.6666666666666666
p__Proteobacteria_c__Gammaproteobacteria_o__Pseudomonadales_f__Moraxellaceae_g__Acinetobacter_s__Acinetobacter_sp001696615,RS_GCF_001696615.3,Contemporaneous,1.0,0.0
_p114,_h254,Transfer,0.6666666666666666,0.5
p__Proteobacteria_c__Gammaproteobacteria_o__Pseudomonadales_f__Moraxellaceae_g__Acinetobacter_s__Acinetobacter_chinensis,RS_GCF_002165375.2,Contemporaneous,1.0,0.0
_p115,_h254,Loss,0.5,0.16666666666666666
_p115,_h255,Transfer,0.5,0.5
p__Proteobacteria_c__Gammaproteobacteria_o__Pseudomonadales_f__Moraxellaceae_g__Acinetobacter_s__Acinetobacter_larvae,RS_GCF_001704115.1,Contemporaneous,1.0,0.0
_p116,_h255,Cospeciation,0.8333333333333334,0.8333333333333334
p__Proteobacteria_c__Gammaproteobacteria_o__Pseudomonadales_f__Moraxellaceae_g__Acinetobacter_s__Acinetobacter_bouvetii,RS_GCF_000368865.1,Contemporaneous,1.0,0.0
_p117,RS_GCF_002135435.1,Transfer,0.8333333333333334,0.8333333333333334
_p119,_h256,Cospeciation,1.0,1.0
p__Proteobacteria_c__Gammaproteobacteria_o__Pseudomonadales_f__Moraxellaceae_g__Acinetobacter_s__Acinetobacter_piscicola_A,RS_GCF_015218165.1,Contemporaneous,1.0,0.0
p__Proteobacteria_c__Gammaproteobacteria_o__Pseudomonadales_f__Moraxellaceae_g__Acinetobacter_s__Acinetobacter_sp003268395,RS_GCF_003268395.1,Contemporaneous,1.0,0.0
_p118,RS_GCF_002135435.1,Transfer,0.8333333333333334,0.8333333333333334
p__Proteobacteria_c__Gammaproteobacteria_o__Pseudomonadales_f__Moraxellaceae_g__Acinetobacter_s__Acinetobacter_pragensis,RS_GCF_001605895.1,Contemporaneous,1.0,0.0
p__Proteobacteria_c__Gammaproteobacteria_o__Pseudomonadales_f__Moraxellaceae_g__Acinetobacter_s__Acinetobacter_sp002135435,RS_GCF_002135435.1,Contemporaneous,1.0,0.0
p__Proteobacteria_c__Gammaproteobacteria_o__Pseudomonadales_f__Moraxellaceae_g__Acinetobacter_s__Acinetobacter_puyangensis,RS_GCF_900096995.1,Contemporaneous,1.0,0.0
p__Proteobacteria_c__Gammaproteobacteria_o__Pseudomonadales_f__Moraxellaceae_g__Alkanindiges_s__Alkanindiges_sp004173455,GB_GCA_004173455.1,Contemporaneous,1.0,0.0
_p110,RS_GCF_900197575.1,Transfer,0.38095238095238093,0.38095238095238093
p__Proteobacteria_c__Gammaproteobacteria_o__Pseudomonadales_f__Moraxellaceae_g__Acinetobacter_s__Acinetobacter_oleivorans,RS_GCF_000196795.1,Contemporaneous,1.0,0.0
p__Proteobacteria_c__Gammaproteobacteria_o__Pseudomonadales_f__Moraxellaceae_g__Acinetobacter_s__Acinetobacter_apis,RS_GCF_900197575.1,Contemporaneous,1.0,0.0
p__Firmicutes_A_c__Clostridia_o__Lachnospirales_f__Lachnospiraceae_g__Anaerocolumna_s__Anaerocolumna_xylanovorans,RS_GCF_900143645.1,Contemporaneous,1.0,0.0
_p120,_h185,Transfer,0.5,0.5
_p121,_h8,Cospeciation,1.0,1.0
_p122,_h11,Cospeciation,1.0,1.0
p__Firmicutes_c__Bacilli_o__Bacillales_B_f__DSM-18226_g__Cytobacillus_s__Cytobacillus_kochii,_h19,Loss,1.0,1.0
p__Firmicutes_c__Bacilli_o__Bacillales_B_f__DSM-18226_g__Cytobacillus_s__Cytobacillus_kochii,RS_GCF_002276165.1,Contemporaneous,1.0,0.0
p__Firmicutes_c__Bacilli_o__Bacillales_D_f__Amphibacillaceae_g__Oceanobacillus_s__Oceanobacillus_iheyensis,_h12,Loss,1.0,1.0
p__Firmicutes_c__Bacilli_o__Bacillales_D_f__Amphibacillaceae_g__Oceanobacillus_s__Oceanobacillus_iheyensis,RS_GCF_000011245.1,Contemporaneous,1.0,0.0
_p123,_h9,Loss,1.0,1.0
_p123,_h10,Cospeciation,1.0,1.0
p__Firmicutes_c__Bacilli_o__Bacillales_A_f__Planococcaceae_g__Rummeliibacillus_s__Rummeliibacillus_suwonensis,RS_GCF_007896435.1,Contemporaneous,1.0,0.0
p__Firmicutes_c__Bacilli_o__Bacillales_A_f__Planococcaceae_g__Kurthia_s__Kurthia_massiliensis,RS_GCF_000285555.1,Contemporaneous,1.0,0.0
_p124,_h185,Cospeciation,1.0,1.0
_p125,_h191,Loss,1.0,0.5
_p125,_h192,Transfer,0.5,0.25
_p126,RS_GCF_002276045.1,Transfer,0.5,0.5
p__Proteobacteria_c__Gammaproteobacteria_o__Enterobacterales_f__Neiellaceae_g__Corallincola_s__Corallincola_luteus,RS_GCF_004336975.1,Contemporaneous,1.0,0.0
p__Proteobacteria_c__Gammaproteobacteria_o__Enterobacterales_f__Alteromonadaceae_g__Pseudoalteromonas_s__Pseudoalteromonas_sp002276045,RS_GCF_002276045.1,Contemporaneous,1.0,0.0
_p127,_h192,Cospeciation,1.0,1.0
p__Proteobacteria_c__Gammaproteobacteria_o__Enterobacterales_f__Vibrionaceae_g__Vibrio_s__Vibrio_sagamiensis,RS_GCF_007990935.1,Contemporaneous,1.0,0.0
_p128,_h193,Cospeciation,1.0,1.0
p__Proteobacteria_c__Gammaproteobacteria_o__Enterobacterales_f__Vibrionaceae_g__Vibrio_s__Vibrio_natriegens,_h194,Loss,1.0,1.0
p__Proteobacteria_c__Gammaproteobacteria_o__Enterobacterales_f__Vibrionaceae_g__Vibrio_s__Vibrio_natriegens,RS_GCF_000417905.1,Contemporaneous,1.0,0.0
p__Proteobacteria_c__Gammaproteobacteria_o__Enterobacterales_f__Vibrionaceae_g__Vibrio_s__Vibrio_jasicida,RS_GCF_000400365.1,Contemporaneous,1.0,0.0
_p129,_h186,Cospeciation,1.0,1.0
_p130,_h189,Transfer,1.0,1.0
p__Proteobacteria_c__Gammaproteobacteria_o__Enterobacterales_f__Vibrionaceae_g__Vibrio_s__Vibrio_viridaestus,RS_GCF_003856525.1,Contemporaneous,1.0,0.0
_p131,_h189,Cospeciation,1.0,1.0
p__Proteobacteria_c__Gammaproteobacteria_o__Enterobacterales_f__Vibrionaceae_g__Vibrio_s__Vibrio_furnissii,RS_GCF_000176175.1,Contemporaneous,1.0,0.0
_p132,_h190,Transfer,1.0,0.5
_p133,RS_GCF_002224265.1,Transfer,0.5,0.25
_p134,RS_GCF_002933855.1,Transfer,0.5,0.5
p__Proteobacteria_c__Gammaproteobacteria_o__Enterobacterales_f__Vibrionaceae_g__Vibrio_s__Vibrio_splendidus_J,RS_GCF_002873455.1,Contemporaneous,1.0,0.0
p__Proteobacteria_c__Gammaproteobacteria_o__Enterobacterales_f__Vibrionaceae_g__Vibrio_s__Vibrio_penaeicida_A,RS_GCF_002933855.1,Contemporaneous,1.0,0.0
p__Proteobacteria_c__Gammaproteobacteria_o__Enterobacterales_f__Vibrionaceae_g__Vibrio_s__Vibrio_vulnificus,RS_GCF_002224265.1,Contemporaneous,1.0,0.0
_p135,_h190,Cospeciation,1.0,1.0
_p137,RS_GCF_000176155.1,Transfer,1.0,1.0
p__Proteobacteria_c__Gammaproteobacteria_o__Enterobacterales_f__Vibrionaceae_g__Enterovibrio_s__Enterovibrio_sp004116385,RS_GCF_004116385.1,Contemporaneous,1.0,0.0
_p138,RS_GCF_000176155.1,Transfer,1.0,1.0
p__Proteobacteria_c__Gammaproteobacteria_o__Enterobacterales_f__Vibrionaceae_g__Vibrio_s__Vibrio_alginolyticus,RS_GCF_000354175.2,Contemporaneous,1.0,0.0
p__Proteobacteria_c__Gammaproteobacteria_o__Enterobacterales_f__Vibrionaceae_g__Vibrio_s__Vibrio_metschnikovii,RS_GCF_000176155.1,Contemporaneous,1.0,0.0
_p136,RS_GCF_001471585.2,Transfer,1.0,1.0
p__Proteobacteria_c__Gammaproteobacteria_o__Enterobacterales_f__Psychromonadaceae_g__Psychromonas_s__Psychromonas_sp002835995,RS_GCF_002835995.1,Contemporaneous,1.0,0.0
p__Proteobacteria_c__Gammaproteobacteria_o__Enterobacterales_f__Vibrionaceae_g__Vibrio_s__Vibrio_cholerae,RS_GCF_001471585.2,Contemporaneous,1.0,0.0
p__Proteobacteria_c__Gammaproteobacteria_o__Enterobacterales_f__Vibrionaceae_g__Vibrio_s__Vibrio_tritonius,_h187,Loss,1.0,1.0
p__Proteobacteria_c__Gammaproteobacteria_o__Enterobacterales_f__Vibrionaceae_g__Vibrio_s__Vibrio_tritonius,RS_GCF_001547935.1,Contemporaneous,1.0,0.0
_p139,_h222,Cospeciation,1.0,1.0
_p140,RS_GCF_000819845.1,Transfer,1.0,1.0
_p144,_h245,Cospeciation,1.0,1.0
p__Proteobacteria_c__Gammaproteobacteria_o__Pseudomonadales_f__Moraxellaceae_g__Psychrobacter_s__Psychrobacter_sp001435295,RS_GCF_001435295.1,Contemporaneous,1.0,0.0
_p145,_h246,Loss,1.0,1.0
_p145,100.0_g__Acinetobacter,Cospeciation,1.0,1.0
_p146,_h260,Transfer,1.0,0.5
p__Proteobacteria_c__Gammaproteobacteria_o__Enterobacterales_f__Alteromonadaceae_g__Pseudoalteromonas_s__Pseudoalteromonas_arctica_A,RS_GCF_012927645.1,Contemporaneous,1.0,0.0
p__Proteobacteria_c__Gammaproteobacteria_o__Pseudomonadales_f__Moraxellaceae_g__Acinetobacter_s__Acinetobacter_qingfengensis,_h260,Loss,0.5,0.5
p__Proteobacteria_c__Gammaproteobacteria_o__Pseudomonadales_f__Moraxellaceae_g__Acinetobacter_s__Acinetobacter_qingfengensis,RS_GCF_008693185.1,Contemporaneous,1.0,0.0
_p147,_h247,Cospeciation,1.0,1.0
_p148,_h259,Transfer,1.0,0.5
p__Proteobacteria_c__Gammaproteobacteria_o__Pseudomonadales_f__Moraxellaceae_g__Acinetobacter_s__Acinetobacter_rudis,RS_GCF_000829675.1,Contemporaneous,1.0,0.0
p__Proteobacteria_c__Gammaproteobacteria_o__Pseudomonadales_f__Moraxellaceae_g__Acinetobacter_s__Acinetobacter_pollinis,_h259,Loss,0.5,0.5
p__Proteobacteria_c__Gammaproteobacteria_o__Pseudomonadales_f__Moraxellaceae_g__Acinetobacter_s__Acinetobacter_pollinis,RS_GCF_015627175.1,Contemporaneous,1.0,0.0
_p149,_h248,Transfer,1.0,1.0
p__Proteobacteria_c__Gammaproteobacteria_o__Burkholderiales_f__Neisseriaceae_g__Snodgrassella_s__Snodgrassella_alvi,RS_GCF_000600005.1,Contemporaneous,1.0,0.0
_p150,_h248,Cospeciation,1.0,1.0
p__Proteobacteria_c__Gammaproteobacteria_o__Pseudomonadales_f__Moraxellaceae_g__Acinetobacter_s__Acinetobacter_haemolyticus,_h258,Loss,1.0,1.0
p__Proteobacteria_c__Gammaproteobacteria_o__Pseudomonadales_f__Moraxellaceae_g__Acinetobacter_s__Acinetobacter_haemolyticus,RS_GCF_000369065.1,Contemporaneous,1.0,0.0
p__Proteobacteria_c__Gammaproteobacteria_o__Pseudomonadales_f__Moraxellaceae_g__Acinetobacter_s__Acinetobacter_gerneri,_h249,Loss,1.0,1.0
p__Proteobacteria_c__Gammaproteobacteria_o__Pseudomonadales_f__Moraxellaceae_g__Acinetobacter_s__Acinetobacter_gerneri,_h250,Loss,1.0,1.0
p__Proteobacteria_c__Gammaproteobacteria_o__Pseudomonadales_f__Moraxellaceae_g__Acinetobacter_s__Acinetobacter_gerneri,RS_GCF_000368565.1,Contemporaneous,1.0,0.0
_p141,RS_GCF_000819845.1,Transfer,1.0,1.0
_p143,_h307,Cospeciation,1.0,1.0
p__Proteobacteria_c__Alphaproteobacteria_o__Azospirillales_f__Azospirillaceae_g__Azospirillum_s__Azospirillum_sp014192915,RS_GCF_014192915.1,Contemporaneous,1.0,0.0
p__Proteobacteria_c__Alphaproteobacteria_o__Azospirillales_f__Azospirillaceae_g__Azospirillum_s__Azospirillum_brasilense,RS_GCF_001315015.1,Contemporaneous,1.0,0.0
_p142,RS_GCF_000819845.1,Transfer,1.0,1.0
p__Proteobacteria_c__Gammaproteobacteria_o__Enterobacterales_f__Alteromonadaceae_g__Colwellia_s__Colwellia_sp013214175,GB_GCA_013214175.1,Contemporaneous,1.0,0.0
p__Proteobacteria_c__Gammaproteobacteria_o__Enterobacterales_f__Aeromonadaceae_g__Aeromonas_s__Aeromonas_enteropelogenes,RS_GCF_000819845.1,Contemporaneous,1.0,0.0
_p151,RS_GCF_000014805.1,Transfer,1.0,0.5
_p152,_h232,Transfer,0.5,0.25
_p155,RS_GCF_000281085.1,Transfer,0.5,0.5
_p156,_h172,Cospeciation,1.0,1.0
p__Proteobacteria_c__Gammaproteobacteria_o__Enterobacterales_f__Alteromonadaceae_g__Pseudoalteromonas_s__Pseudoalteromonas_citrea,RS_GCF_000238375.3,Contemporaneous,1.0,0.0
_p157,_h173,Cospeciation,1.0,1.0
p__Proteobacteria_c__Gammaproteobacteria_o__Enterobacterales_f__Alteromonadaceae_g__Pseudoalteromonas_s__Pseudoalteromonas_elyakovii,_h176,Loss,1.0,1.0
p__Proteobacteria_c__Gammaproteobacteria_o__Enterobacterales_f__Alteromonadaceae_g__Pseudoalteromonas_s__Pseudoalteromonas_elyakovii,GB_GCA_000814665.1,Contemporaneous,1.0,0.0
_p158,_h174,Cospeciation,1.0,1.0
p__Proteobacteria_c__Gammaproteobacteria_o__Enterobacterales_f__Alteromonadaceae_g__Pseudoalteromonas_s__Pseudoalteromonas_rubra_B,RS_GCF_001482385.1,Contemporaneous,1.0,0.0
_p159,_h175,Transfer,1.0,1.0
p__Proteobacteria_c__Gammaproteobacteria_o__Enterobacterales_f__Alteromonadaceae_g__Pseudoalteromonas_s__Pseudoalteromonas_piscicida,RS_GCF_000238315.3,Contemporaneous,1.0,0.0
_p160,_h175,Cospeciation,1.0,1.0
p__Proteobacteria_c__Gammaproteobacteria_o__Enterobacterales_f__Alteromonadaceae_g__Pseudoalteromonas_s__Pseudoalteromonas_luteoviolacea_B,RS_GCF_001625695.1,Contemporaneous,1.0,0.0
p__Proteobacteria_c__Gammaproteobacteria_o__Enterobacterales_f__Alteromonadaceae_g__Pseudoalteromonas_s__Pseudoalteromonas_luteoviolacea_A,RS_GCF_001625595.1,Contemporaneous,1.0,0.0
p__Proteobacteria_c__Gammaproteobacteria_o__Enterobacterales_f__Alteromonadaceae_g__Catenovulum_s__Catenovulum_agarivorans,RS_GCF_000281085.1,Contemporaneous,1.0,0.0
_p153,_h232,Cospeciation,1.0,1.0
_p154,_h233,Cospeciation,1.0,1.0
p__Proteobacteria_c__Gammaproteobacteria_o__Pseudomonadales_f__Marinomonadaceae_g__Marinomonas_s__Marinomonas_sp018336955,RS_GCF_018336955.1,Contemporaneous,1.0,0.0
p__Proteobacteria_c__Gammaproteobacteria_o__Pseudomonadales_f__Marinomonadaceae_g__Marinomonas_s__Marinomonas_sp000017285,RS_GCF_000017285.1,Contemporaneous,1.0,0.0
p__Proteobacteria_c__Gammaproteobacteria_o__Pseudomonadales_f__Marinomonadaceae_g__Marinomonas_s__Marinomonas_posidonica,RS_GCF_000214215.1,Contemporaneous,1.0,0.0
_p161,RS_GCF_000014805.1,Transfer,1.0,0.5
_p162,RS_GCF_001748245.1,Transfer,0.5,0.5
p__Proteobacteria_c__Gammaproteobacteria_o__Pseudomonadales_f__Cellvibrionaceae_g__Teredinibacter_s__Teredinibacter_purpureus,RS_GCF_014217335.1,Contemporaneous,1.0,0.0
p__Bdellovibrionota_c__Oligoflexia_o__Oligoflexales_f__Oligoflexaceae_g__Oligoflexus_s__Oligoflexus_tunisiensis,RS_GCF_001748245.1,Contemporaneous,1.0,0.0
_p163,RS_GCF_000014805.1,Transfer,1.0,1.0
_p166,_h203,Cospeciation,1.0,1.0
_p191,100.0_g__Yersinia,Transfer,1.0,0.5
_p200,100.0_g__Photobacterium,Transfer,0.5,0.25
_p202,RS_GCF_000007705.1,Transfer,0.5,0.125
_p203,GB_GCA_000497835.1,Transfer,0.25,0.0625
_p204,RS_GCF_009746715.1,Transfer,0.25,0.125
_p206,_h153,Transfer,0.5,0.25
_p207,RS_GCF_900112305.1,Transfer,0.5,0.5
p__Proteobacteria_c__Gammaproteobacteria_o__Enterobacterales_f__Shewanellaceae_g__Shewanella_s__Shewanella_sp012911865,RS_GCF_012911865.1,Contemporaneous,1.0,0.0
p__Proteobacteria_c__Gammaproteobacteria_o__Pseudomonadales_f__Cellvibrionaceae_g__Microbulbifer_s__Microbulbifer_thermotolerans,RS_GCF_900112305.1,Contemporaneous,1.0,0.0
_p208,_h153,Cospeciation,1.0,1.0
p__Proteobacteria_c__Gammaproteobacteria_o__Burkholderiales_f__Burkholderiaceae_g__Pseudoduganella_s__Pseudoduganella_sp900113115,RS_GCF_900113115.1,Contemporaneous,1.0,0.0
p__Proteobacteria_c__Gammaproteobacteria_o__Burkholderiales_f__Burkholderiaceae_g__Pseudoduganella_s__Pseudoduganella_armeniaca,RS_GCF_003028855.1,Contemporaneous,1.0,0.0
_p205,RS_GCF_009746715.1,Transfer,0.5,0.5
p__Proteobacteria_c__Gammaproteobacteria_o__Pseudomonadales_f__Cellvibrionaceae_g__Teredinibacter_s__Teredinibacter_turnerae_B,RS_GCF_000023025.1,Contemporaneous,1.0,0.0
p__Proteobacteria_c__Gammaproteobacteria_o__Pseudomonadales_f__Ketobacteraceae_g__Ketobacter_s__Ketobacter_sp003667185,RS_GCF_009746715.1,Contemporaneous,1.0,0.0
_p209,GB_GCA_000497835.1,Transfer,0.5,0.25
_p210,RS_GCF_007830255.1,Transfer,0.5,0.5
_p211,_h241,Cospeciation,1.0,1.0
p__Proteobacteria_c__Gammaproteobacteria_o__Pseudomonadales_f__Halomonadaceae_g__Halomonas_s__Halomonas_elongata,RS_GCF_000196875.2,Contemporaneous,1.0,0.0
_p212,_h242,Transfer,1.0,1.0
p__Proteobacteria_c__Alphaproteobacteria_o__Rhodospirillales_f__Magnetospirillaceae_g__Oleiliquidispirillum_s__Oleiliquidispirillum_nitrogeniifigens,RS_GCF_006980715.1,Contemporaneous,1.0,0.0
_p213,_h242,Transfer,1.0,0.5
_p215,GB_GCA_017425245.1,Transfer,0.5,0.25
_p216,_h300,Cospeciation,0.5,0.5
_p219,_h301,Transfer,0.5,0.16666666666666666
_p221,_h309,Transfer,0.5,0.5
p__Proteobacteria_c__Alphaproteobacteria_o__Rhizobiales_f__Rhizobiaceae_g__Agrobacterium_s__Agrobacterium_arsenijevicii,GB_GCA_000949895.1,Contemporaneous,1.0,0.0
_p222,_h309,Cospeciation,1.0,1.0
p__Proteobacteria_c__Alphaproteobacteria_o__Rhizobiales_A_f__Rhizobiaceae_A_g__Brucella_s__Brucella_melitensis,RS_GCF_000007125.1,Contemporaneous,1.0,0.0
_p223,RS_GCF_014397025.1,Transfer,1.0,1.0
p__Proteobacteria_c__Gammaproteobacteria_o__Pseudomonadales_f__Pseudomonadaceae_g__Pseudomonas_E_s__Pseudomonas_E_sp019139675,RS_GCF_019139675.1,Contemporaneous,1.0,0.0
p__Proteobacteria_c__Alphaproteobacteria_o__Rhizobiales_A_f__Rhizobiaceae_A_g__Ochrobactrum_A_s__Ochrobactrum_A_sp014397025,RS_GCF_014397025.1,Contemporaneous,1.0,0.0
_p220,_h301,Loss,0.3333333333333333,0.16666666666666666
_p220,RS_GCF_003952665.1,Transfer,0.3333333333333333,0.3333333333333333
p__Proteobacteria_c__Alphaproteobacteria_o__Rhizobiales_f__Stappiaceae_g__Roseibium_s__Roseibium_aggregatum_A,RS_GCF_001999245.1,Contemporaneous,1.0,0.0
p__Proteobacteria_c__Alphaproteobacteria_o__Rhizobiales_f__Beijerinckiaceae_g__Bosea_s__Bosea_sp003952665,RS_GCF_003952665.1,Contemporaneous,1.0,0.0
_p217,RS_GCF_008330945.1,Transfer,0.5,0.5
p__Proteobacteria_c__Alphaproteobacteria_o__Rhizobiales_f__Xanthobacteraceae_g__Azorhizobium_s__Azorhizobium_oxalatiphilum,RS_GCF_014635325.1,Contemporaneous,1.0,0.0
_p218,RS_GCF_008330945.1,Transfer,0.5,0.5
p__Proteobacteria_c__Alphaproteobacteria_o__Rhizobiales_f__Rhizobiaceae_g__Fulvimarina_s__Fulvimarina_manganoxydans,RS_GCF_900176465.1,Contemporaneous,1.0,0.0
p__Proteobacteria_c__Alphaproteobacteria_o__Rhizobiales_f__Labraceae_g__Labrys_s__Labrys_sp008330945,RS_GCF_008330945.1,Contemporaneous,1.0,0.0
p__Proteobacteria_c__Gammaproteobacteria_o__Enterobacterales_f__Neiellaceae_g__RGIG665_s__RGIG665_sp017425245,GB_GCA_017425245.1,Contemporaneous,1.0,0.0
_p214,_h242,Cospeciation,1.0,1.0
p__Proteobacteria_c__Gammaproteobacteria_o__Pseudomonadales_f__Halomonadaceae_g__Halomonas_s__Halomonas_endophytica,RS_GCF_002879615.1,Contemporaneous,1.0,0.0
p__Proteobacteria_c__Gammaproteobacteria_o__Pseudomonadales_f__Halomonadaceae_g__Halomonas_s__Halomonas_azerbaijanica,GB_GCA_004551485.1,Contemporaneous,1.0,0.0
p__Proteobacteria_c__Gammaproteobacteria_o__Pseudomonadales_f__Pseudomonadaceae_g__Azomonas_s__Azomonas_agilis,RS_GCF_007830255.1,Contemporaneous,1.0,0.0
p__Proteobacteria_c__Gammaproteobacteria_o__Pseudomonadales_f__Pseudomonadaceae_g__Pseudomonas_E_s__Pseudomonas_E_sp000497835,GB_GCA_000497835.1,Contemporaneous,1.0,0.0
p__Proteobacteria_c__Gammaproteobacteria_o__Burkholderiales_f__Chromobacteriaceae_g__Chromobacterium_s__Chromobacterium_violaceum,RS_GCF_000007705.1,Contemporaneous,1.0,0.0
_p201,100.0_g__Photobacterium,Cospeciation,1.0,1.0
p__Proteobacteria_c__Gammaproteobacteria_o__Enterobacterales_f__Vibrionaceae_g__Photobacterium_s__Photobacterium_profundum_A,RS_GCF_000196255.1,Contemporaneous,1.0,0.0
p__Proteobacteria_c__Gammaproteobacteria_o__Enterobacterales_f__Vibrionaceae_g__Photobacterium_s__Photobacterium_halotolerans_A,RS_GCF_000972145.1,Contemporaneous,1.0,0.0
_p192,100.0_g__Yersinia,Transfer,1.0,0.5
_p195,_h209,Transfer,0.5,0.5
_p198,_h302,Cospeciation,1.0,1.0
_p199,_h303,Cospeciation,1.0,1.0
p__Proteobacteria_c__Alphaproteobacteria_o__Rhizobiales_f__Beijerinckiaceae_g__Methylocystis_s__Methylocystis_sp015709515,RS_GCF_015709515.1,Contemporaneous,1.0,0.0
p__Proteobacteria_c__Alphaproteobacteria_o__Rhizobiales_f__Beijerinckiaceae_g__Methylocystis_s__Methylocystis_sp000304315,RS_GCF_000304315.1,Contemporaneous,1.0,0.0
p__Proteobacteria_c__Alphaproteobacteria_o__Rhizobiales_f__Beijerinckiaceae_g__Methylosinus_s__Methylosinus_sp015709455,RS_GCF_015709455.1,Contemporaneous,1.0,0.0
_p196,_h209,Cospeciation,1.0,1.0
_p197,_h210,Loss,1.0,1.0
_p197,_h211,Cospeciation,1.0,1.0
p__Proteobacteria_c__Gammaproteobacteria_o__Enterobacterales_f__Enterobacteriaceae_g__Brenneria_s__Brenneria_goodwinii,RS_GCF_002291445.1,Contemporaneous,1.0,0.0
p__Proteobacteria_c__Gammaproteobacteria_o__Enterobacterales_f__Enterobacteriaceae_g__Brenneria_s__Brenneria_izadpanahii,RS_GCF_017569925.1,Contemporaneous,1.0,0.0
p__Proteobacteria_c__Gammaproteobacteria_o__Enterobacterales_f__Enterobacteriaceae_g__Pectobacterium_s__Pectobacterium_polaris,RS_GCF_002307355.1,Contemporaneous,1.0,0.0
_p193,100.0_g__Yersinia,Cospeciation,1.0,1.0
_p194,_h205,Cospeciation,1.0,1.0
p__Proteobacteria_c__Gammaproteobacteria_o__Enterobacterales_f__Enterobacteriaceae_g__Yersinia_s__Yersinia_massiliensis,RS_GCF_000312485.1,Contemporaneous,1.0,0.0
p__Proteobacteria_c__Gammaproteobacteria_o__Enterobacterales_f__Enterobacteriaceae_g__Yersinia_s__Yersinia_rochesterensis,RS_GCF_003600645.1,Contemporaneous,1.0,0.0
p__Proteobacteria_c__Gammaproteobacteria_o__Enterobacterales_f__Enterobacteriaceae_g__Yersinia_s__Yersinia_entomophaga,RS_GCF_001656035.1,Contemporaneous,1.0,0.0
_p167,_h204,Transfer,1.0,1.0
p__Proteobacteria_c__Gammaproteobacteria_o__Enterobacterales_f__Enterobacteriaceae_g__Brenneria_s__Brenneria_nigrifluens,RS_GCF_005484965.1,Contemporaneous,1.0,0.0
_p168,_h204,Transfer,1.0,0.5
_p169,RS_GCF_900184095.1,Transfer,0.5,0.5
_p170,_h200,Cospeciation,1.0,1.0
_p171,RS_GCF_015163665.1,Transfer,1.0,1.0
p__Proteobacteria_c__Gammaproteobacteria_o__Enterobacterales_f__Enterobacteriaceae_g__Dickeya_s__Dickeya_dianthicola,RS_GCF_000365305.1,Contemporaneous,1.0,0.0
_p172,RS_GCF_015163665.1,Transfer,1.0,0.5
_p173,RS_GCF_000517265.1,Transfer,0.5,0.5
p__Proteobacteria_c__Gammaproteobacteria_o__Enterobacterales_f__Enterobacteriaceae_g__Affinibrenneria_s__Affinibrenneria_salicis,RS_GCF_008710095.1,Contemporaneous,1.0,0.0
p__Proteobacteria_c__Gammaproteobacteria_o__Enterobacterales_f__Enterobacteriaceae_g__Photorhabdus_s__Photorhabdus_khanii,RS_GCF_000517265.1,Contemporaneous,1.0,0.0
p__Proteobacteria_c__Gammaproteobacteria_o__Enterobacterales_f__Enterobacteriaceae_g__Xenorhabdus_s__Xenorhabdus_sp015163665,RS_GCF_015163665.1,Contemporaneous,1.0,0.0
_p174,RS_GCF_000968175.1,Transfer,1.0,1.0
p__Proteobacteria_c__Gammaproteobacteria_o__Enterobacterales_f__Enterobacteriaceae_g__Mixta_s__Mixta_intestinalis,RS_GCF_009914055.1,Contemporaneous,1.0,0.0
_p175,RS_GCF_000968175.1,Transfer,1.0,1.0
p__Proteobacteria_c__Gammaproteobacteria_o__Enterobacterales_f__Enterobacteriaceae_g__Providencia_s__Providencia_vermicola_A,RS_GCF_010748935.1,Contemporaneous,1.0,0.0
_p176,RS_GCF_000968175.1,Transfer,1.0,1.0
p__Proteobacteria_c__Gammaproteobacteria_o__Enterobacterales_f__Enterobacteriaceae_g__B14_s__B14_sp000307305,GB_GCA_000307305.1,Contemporaneous,1.0,0.0
p__Proteobacteria_c__Gammaproteobacteria_o__Enterobacterales_f__Enterobacteriaceae_g__Xenorhabdus_s__Xenorhabdus_poinarii,RS_GCF_000968175.1,Contemporaneous,1.0,0.0
p__Proteobacteria_c__Gammaproteobacteria_o__Enterobacterales_f__Vibrionaceae_g__Vibrio_s__Vibrio_mangrovi,RS_GCF_900184095.1,Contemporaneous,1.0,0.0
_p177,_h204,Transfer,1.0,1.0
_p179,_h212,Cospeciation,1.0,1.0
_p180,_h220,Loss,1.0,1.0
_p180,_h221,Cospeciation,1.0,1.0
p__Proteobacteria_c__Gammaproteobacteria_o__Enterobacterales_f__Enterobacteriaceae_g__Pantoea_s__Pantoea_sp000175935,RS_GCF_000175935.2,Contemporaneous,1.0,0.0
p__Proteobacteria_c__Gammaproteobacteria_o__Enterobacterales_f__Enterobacteriaceae_g__Pantoea_s__Pantoea_sp002434205,GB_GCA_002434205.1,Contemporaneous,1.0,0.0
_p181,_h213,Transfer,1.0,1.0
p__Proteobacteria_c__Gammaproteobacteria_o__Enterobacterales_f__Enterobacteriaceae_g__Providencia_s__Providencia_stuartii_A,GB_GCA_016618195.1,Contemporaneous,1.0,0.0
_p182,_h213,Cospeciation,1.0,1.0
p__Proteobacteria_c__Gammaproteobacteria_o__Enterobacterales_f__Enterobacteriaceae_g__Buttiauxella_s__Buttiauxella_sp014189855,RS_GCF_014189855.1,Contemporaneous,1.0,0.0
_p183,_h214,Cospeciation,1.0,1.0
_p184,_h215,Cospeciation,1.0,1.0
_p185,_h216,Loss,1.0,1.0
_p185,_h217,Cospeciation,1.0,1.0
p__Proteobacteria_c__Gammaproteobacteria_o__Enterobacterales_f__Enterobacteriaceae_g__Klebsiella_s__Klebsiella_aerogenes,RS_GCF_000215745.1,Contemporaneous,1.0,0.0
_p186,100.0_g__Scandinavium,Cospeciation,1.0,1.0
p__Proteobacteria_c__Gammaproteobacteria_o__Enterobacterales_f__Enterobacteriaceae_g__Scandinavium_s__Scandinavium_sp002470465,GB_GCA_002470465.1,Contemporaneous,1.0,0.0
p__Proteobacteria_c__Gammaproteobacteria_o__Enterobacterales_f__Enterobacteriaceae_g__Scandinavium_s__Scandinavium_sp902706205,GB_GCA_902706205.1,Contemporaneous,1.0,0.0
_p187,GB_GCA_901456055.1,Transfer,1.0,1.0
_p188,_h219,Cospeciation,1.0,1.0
_p189,RS_GCF_018323885.1,Transfer,1.0,0.5
_p190,RS_GCF_000314895.2,Transfer,0.5,0.5
p__Proteobacteria_c__Gammaproteobacteria_o__Enterobacterales_f__Enterobacteriaceae_g__Citrobacter_s__Citrobacter_werkmanii,GB_GCA_000759755.1,Contemporaneous,1.0,0.0
p__Proteobacteria_c__Gammaproteobacteria_o__Enterobacterales_f__Enterobacteriaceae_g__Providencia_s__Providencia_sneebia,RS_GCF_000314895.2,Contemporaneous,1.0,0.0
p__Proteobacteria_c__Gammaproteobacteria_o__Enterobacterales_f__Enterobacteriaceae_g__Citrobacter_A_s__Citrobacter_A_amalonaticus,RS_GCF_018323885.1,Contemporaneous,1.0,0.0
p__Proteobacteria_c__Gammaproteobacteria_o__Enterobacterales_f__Enterobacteriaceae_g__Escherichia_s__Escherichia_fergusonii,RS_GCF_000026225.1,Contemporaneous,1.0,0.0
p__Proteobacteria_c__Gammaproteobacteria_o__Enterobacterales_f__Enterobacteriaceae_g__Phytobacter_s__Phytobacter_ursingii,GB_GCA_901456055.1,Contemporaneous,1.0,0.0
p__Proteobacteria_c__Gammaproteobacteria_o__Enterobacterales_f__Enterobacteriaceae_g__Jejubacter_s__Jejubacter_sp000302695,GB_GCA_000302695.1,Contemporaneous,1.0,0.0
_p178,_h204,Cospeciation,1.0,1.0
p__Proteobacteria_c__Gammaproteobacteria_o__Enterobacterales_f__Enterobacteriaceae_g__Rahnella_s__Rahnella_sp013457415,GB_GCA_013457415.1,Contemporaneous,1.0,0.0
p__Proteobacteria_c__Gammaproteobacteria_o__Enterobacterales_f__Enterobacteriaceae_g__Serratia_s__Serratia_liquefaciens,RS_GCF_000422085.1,Contemporaneous,1.0,0.0
_p164,RS_GCF_000014805.1,Transfer,1.0,0.5
_p165,GB_GCA_004010935.1,Transfer,0.5,0.5
p__Proteobacteria_c__Gammaproteobacteria_o__Pseudomonadales_f__Pseudomonadaceae_g__Pseudomonas_E_s__Pseudomonas_E_anguilliseptica,RS_GCF_900105355.1,Contemporaneous,1.0,0.0
p__Proteobacteria_c__Gammaproteobacteria_o__Pseudomonadales_f__Pseudomonadaceae_g__Pseudomonas_A_s__Pseudomonas_A_sp004010935,GB_GCA_004010935.1,Contemporaneous,1.0,0.0
p__Proteobacteria_c__Gammaproteobacteria_o__Enterobacterales_f__Aeromonadaceae_g__Aeromonas_s__Aeromonas_hydrophila,RS_GCF_000014805.1,Contemporaneous,1.0,0.0
_p103,_h158,Cospeciation,1.0,1.0
p__Proteobacteria_c__Gammaproteobacteria_o__Burkholderiales_f__Burkholderiaceae_g__Pusillimonas_B_s__Pusillimonas_B_sp013416395,GB_GCA_013416395.1,Contemporaneous,1.0,0.0
_p104,RS_GCF_001592225.1,Transfer,1.0,1.0
_p105,_h159,Cospeciation,1.0,1.0
p__Proteobacteria_c__Gammaproteobacteria_o__Burkholderiales_f__Burkholderiaceae_g__Paenalcaligenes_s__Paenalcaligenes_suwonensis,RS_GCF_011290505.1,Contemporaneous,1.0,0.0
p__Proteobacteria_c__Gammaproteobacteria_o__Burkholderiales_f__Burkholderiaceae_g__Alcaligenes_s__Alcaligenes_pakistanensis,RS_GCF_014652815.1,Contemporaneous,1.0,0.0
p__Proteobacteria_c__Gammaproteobacteria_o__Burkholderiales_f__Burkholderiaceae_g__Castellaniella_s__Castellaniella_caeni,RS_GCF_001592225.1,Contemporaneous,1.0,0.0
_p224,_h243,Cospeciation,0.8,0.8
_p225,GB_GCA_016716085.1,Transfer,0.8,0.8
_p226,_h315,Cospeciation,1.0,1.0
p__Myxococcota_c__Polyangia_o__Polyangiales_f__SG8-38_g__UBA1660_s__UBA1660_sp017644045,GB_GCA_017644045.1,Contemporaneous,1.0,0.0
p__Myxococcota_c__Polyangia_o__Polyangiales_f__Sandaracinaceae_g__Sandaracinus_s__Sandaracinus_amylolyticus,RS_GCF_000737325.1,Contemporaneous,1.0,0.0
_p227,GB_GCA_016716085.1,Transfer,0.8,0.2
_p231,RS_GCF_000428465.1,Transfer,0.4,0.2
_p233,_h265,Transfer,0.5,0.5
p__Proteobacteria_c__Gammaproteobacteria_o__Pseudomonadales_f__Pseudomonadaceae_g__Azotobacter_s__Azotobacter_vinelandii,RS_GCF_000380335.1,Contemporaneous,1.0,0.0
_p234,_h265,Cospeciation,1.0,1.0
p__Proteobacteria_c__Gammaproteobacteria_o__Xanthomonadales_f__Xanthomonadaceae_g__Lysobacter_s__Lysobacter_capsici_A,RS_GCF_018732085.1,Contemporaneous,1.0,0.0
p__Proteobacteria_c__Gammaproteobacteria_o__Xanthomonadales_f__Xanthomonadaceae_g__Lysobacter_s__Lysobacter_capsici,RS_GCF_014779555.1,Contemporaneous,1.0,0.0
_p232,RS_GCF_000428465.1,Transfer,0.6,0.6
p__Proteobacteria_c__Gammaproteobacteria_o__Burkholderiales_f__Burkholderiaceae_g__Aquabacterium_s__Aquabacterium_sp013822685,GB_GCA_013822685.1,Contemporaneous,1.0,0.0
p__Proteobacteria_c__Gammaproteobacteria_o__Burkholderiales_f__Chitinimonadaceae_g__Chitinimonas_s__Chitinimonas_koreensis,RS_GCF_000428465.1,Contemporaneous,1.0,0.0
_p228,GB_GCA_016716085.1,Transfer,0.85,0.425
_p230,RS_GCF_003339525.1,Transfer,0.5,0.5
p__Proteobacteria_c__Gammaproteobacteria_o__Burkholderiales_f__Burkholderiaceae_g__Derxia_s__Derxia_gummosa,RS_GCF_000482785.1,Contemporaneous,1.0,0.0
p__Proteobacteria_c__Gammaproteobacteria_o__Burkholderiales_f__Burkholderiaceae_g__Hydromonas_s__Hydromonas_cinctiostellae,RS_GCF_003339525.1,Contemporaneous,1.0,0.0
_p229,GB_GCA_016716085.1,Transfer,0.9,0.9
p__Proteobacteria_c__Gammaproteobacteria_o__Pseudomonadales_f__Ketobacteraceae_g__Ketobacter_s__Ketobacter_sp003671495,GB_GCA_003671495.1,Contemporaneous,1.0,0.0
p__Proteobacteria_c__Gammaproteobacteria_o__Pseudomonadales_f__Oleiphilaceae_g__JADJWY01_s__JADJWY01_sp016716085,GB_GCA_016716085.1,Contemporaneous,1.0,0.0
_p235,RS_GCF_000012985.1,Transfer,0.8,0.8
_p280,_h44,Cospeciation,1.0,1.0
_p281,_h46,Transfer,1.0,0.5
_p291,_h108,Transfer,0.5,0.5
_p321,_h74,Cospeciation,1.0,1.0
_p322,RS_GCF_014645795.1,Transfer,1.0,0.5
_p323,_h51,Cospeciation,0.5,0.5
_p324,_h54,Cospeciation,1.0,1.0
p__Actinobacteriota_c__Actinomycetia_o__Streptosporangiales_f__Streptosporangiaceae_g__Streptomonospora_s__Streptomonospora_sp004323735,RS_GCF_004323735.1,Contemporaneous,1.0,0.0
p__Actinobacteriota_c__Actinomycetia_o__Streptosporangiales_f__Streptosporangiaceae_g__Murinocardiopsis_s__Murinocardiopsis_flavida,RS_GCF_003014485.1,Contemporaneous,1.0,0.0
_p325,100.0_g__Nocardiopsis,Loss,0.5,0.25
_p325,_h52,Loss,0.25,0.25
_p325,_h53,Cospeciation,0.75,0.75
p__Actinobacteriota_c__Actinomycetia_o__Streptosporangiales_f__Streptosporangiaceae_g__Nocardiopsis_s__Nocardiopsis_alba,RS_GCF_000341225.1,Contemporaneous,1.0,0.0
_p326,RS_GCF_000340985.1,Transfer,0.75,0.75
p__Actinobacteriota_c__Actinomycetia_o__Streptosporangiales_f__Streptosporangiaceae_g__Nocardiopsis_s__Nocardiopsis_coralli,RS_GCF_014892575.1,Contemporaneous,1.0,0.0
p__Actinobacteriota_c__Actinomycetia_o__Streptosporangiales_f__Streptosporangiaceae_g__Nocardiopsis_s__Nocardiopsis_valliformis,RS_GCF_000340985.1,Contemporaneous,1.0,0.0
p__Actinobacteriota_c__Actinomycetia_o__Mycobacteriales_f__Pseudonocardiaceae_g__Longimycelium_s__Longimycelium_tulufanense,RS_GCF_014645795.1,Contemporaneous,1.0,0.0
_p327,_h75,Transfer,1.0,0.4375
_p336,_h49,Transfer,0.5,0.5
_p338,_h58,Cospeciation,1.0,1.0
_p341,100.0_g__Pseudonocardia,Cospeciation,1.0,1.0
p__Actinobacteriota_c__Actinomycetia_o__Mycobacteriales_f__Pseudonocardiaceae_g__Pseudonocardia_s__Pseudonocardia_spinosispora,_h63,Loss,1.0,1.0
p__Actinobacteriota_c__Actinomycetia_o__Mycobacteriales_f__Pseudonocardiaceae_g__Pseudonocardia_s__Pseudonocardia_spinosispora,RS_GCF_000429025.1,Contemporaneous,1.0,0.0
_p342,_h60,Loss,1.0,0.5
_p342,_h61,Cospeciation,0.5,0.5
_p344,RS_GCF_000717175.1,Transfer,0.5,0.25
_p345,RS_GCF_002262885.1,Transfer,0.75,0.75
p__Actinobacteriota_c__Actinomycetia_o__Mycobacteriales_f__Pseudonocardiaceae_g__Pseudonocardia_s__Pseudonocardia_acaciae,RS_GCF_000620785.1,Contemporaneous,1.0,0.0
p__Actinobacteriota_c__Actinomycetia_o__Mycobacteriales_f__Pseudonocardiaceae_g__Pseudonocardia_s__Pseudonocardia_sp002262885,RS_GCF_002262885.1,Contemporaneous,1.0,0.0
_p346,RS_GCF_000717175.1,Transfer,0.75,0.1875
_p347,RS_GCF_018885265.1,Transfer,0.25,0.0625
_p348,_h73,Transfer,0.1875,0.09375
_p349,RS_GCF_003325375.1,Transfer,0.5,0.5
p__Actinobacteriota_c__Actinomycetia_o__Streptosporangiales_f__Streptosporangiaceae_g__Spirillospora_s__Spirillospora_macra,RS_GCF_001552215.1,Contemporaneous,1.0,0.0
p__Actinobacteriota_c__Actinomycetia_o__Streptomycetales_f__Streptomycetaceae_g__Streptomyces_s__Streptomyces_globosus,RS_GCF_003325375.1,Contemporaneous,1.0,0.0
_p350,_h73,Transfer,0.375,0.1875
_p352,RS_GCF_000342005.1,Transfer,0.53125,0.53125
p__Actinobacteriota_c__Actinomycetia_o__Mycobacteriales_f__Pseudonocardiaceae_g__Actinosynnema_s__Actinosynnema_mirum,RS_GCF_000023245.1,Contemporaneous,1.0,0.0
p__Actinobacteriota_c__Actinomycetia_o__Mycobacteriales_f__Pseudonocardiaceae_g__Amycolatopsis_s__Amycolatopsis_decaplanina,RS_GCF_000342005.1,Contemporaneous,1.0,0.0
_p351,_h73,Cospeciation,1.0,1.0
p__Actinobacteriota_c__Actinomycetia_o__Mycobacteriales_f__Pseudonocardiaceae_g__Saccharomonospora_s__Saccharomonospora_cyanea,RS_GCF_000244975.1,Contemporaneous,1.0,0.0
p__Actinobacteriota_c__Actinomycetia_o__Mycobacteriales_f__Pseudonocardiaceae_g__Saccharomonospora_s__Saccharomonospora_sp015910535,RS_GCF_015910535.1,Contemporaneous,1.0,0.0
p__Actinobacteriota_c__Actinomycetia_o__Mycobacteriales_f__Pseudonocardiaceae_g__Amycolatopsis_D_s__Amycolatopsis_D_sp018885265,RS_GCF_018885265.1,Contemporaneous,1.0,0.0
p__Actinobacteriota_c__Actinomycetia_o__Mycobacteriales_f__Pseudonocardiaceae_g__Pseudonocardia_s__Pseudonocardia_autotrophica_A,RS_GCF_000717175.1,Contemporaneous,1.0,0.0
_p343,_h62,Cospeciation,1.0,1.0
p__Actinobacteriota_c__Actinomycetia_o__Mycobacteriales_f__Pseudonocardiaceae_g__Pseudonocardia_s__Pseudonocardia_sp001420995,RS_GCF_001420995.1,Contemporaneous,1.0,0.0
p__Actinobacteriota_c__Actinomycetia_o__Mycobacteriales_f__Pseudonocardiaceae_g__Pseudonocardia_s__Pseudonocardia_sediminis,RS_GCF_004217185.1,Contemporaneous,1.0,0.0
_p339,100.0_g__Actinomycetospora,Cospeciation,1.0,1.0
p__Actinobacteriota_c__Actinomycetia_o__Mycobacteriales_f__Pseudonocardiaceae_g__Actinomycetospora_s__Actinomycetospora_sp012933465,RS_GCF_012933465.1,Contemporaneous,1.0,0.0
_p340,_h59,Cospeciation,1.0,1.0
p__Actinobacteriota_c__Actinomycetia_o__Mycobacteriales_f__Pseudonocardiaceae_g__Actinomycetospora_s__Actinomycetospora_succinea,RS_GCF_004363095.1,Contemporaneous,1.0,0.0
p__Actinobacteriota_c__Actinomycetia_o__Mycobacteriales_f__Pseudonocardiaceae_g__Actinomycetospora_s__Actinomycetospora_cinnamomea,RS_GCF_003096675.1,Contemporaneous,1.0,0.0
_p337,_h49,Cospeciation,1.0,1.0
p__Actinobacteriota_c__Actinomycetia_o__Streptosporangiales_f__Streptosporangiaceae_g__Planobispora_s__Planobispora_longispora,RS_GCF_016863135.1,Contemporaneous,1.0,0.0
p__Actinobacteriota_c__Actinomycetia_o__Streptosporangiales_f__Streptosporangiaceae_g__Planomonospora_s__Planomonospora_parontospora,GB_GCA_014647935.1,Contemporaneous,1.0,0.0
_p328,_h75,Transfer,0.875,0.75
_p329,_h101,Cospeciation,1.0,1.0
p__Actinobacteriota_c__Actinomycetia_o__Mycobacteriales_f__Micromonosporaceae_g__Phytomonospora_s__Phytomonospora_endophytica,RS_GCF_014202425.1,Contemporaneous,1.0,0.0
_p330,_h102,Cospeciation,1.0,1.0
p__Actinobacteriota_c__Actinomycetia_o__Mycobacteriales_f__Micromonosporaceae_g__Stackebrandtia_s__Stackebrandtia_nassauensis,RS_GCF_000024545.1,Contemporaneous,1.0,0.0
p__Actinobacteriota_c__Actinomycetia_o__Mycobacteriales_f__Micromonosporaceae_g__Natronoglycomyces_s__Natronoglycomyces_albus,RS_GCF_016925535.1,Contemporaneous,1.0,0.0
_p331,_h75,Loss,0.75,0.125
_p331,GB_GCA_014138725.1,Transfer,0.375,0.375
_p333,_h67,Cospeciation,0.625,0.625
_p335,_h68,Cospeciation,1.0,1.0
p__Actinobacteriota_c__Actinomycetia_o__Mycobacteriales_f__Pseudonocardiaceae_g__Kibdelosporangium_s__Kibdelosporangium_sp000826545,RS_GCF_000826545.1,Contemporaneous,1.0,0.0
p__Actinobacteriota_c__Actinomycetia_o__Mycobacteriales_f__Pseudonocardiaceae_g__Kibdelosporangium_s__Kibdelosporangium_phytohabitans,RS_GCF_001302585.1,Contemporaneous,1.0,0.0
_p334,RS_GCF_900111175.1,Transfer,0.625,0.625
p__Actinobacteriota_c__Actinomycetia_o__Mycobacteriales_f__Pseudonocardiaceae_g__Actinosynnema_s__Actinosynnema_espanaense,RS_GCF_000328705.1,Contemporaneous,1.0,0.0
p__Actinobacteriota_c__Actinomycetia_o__Mycobacteriales_f__Pseudonocardiaceae_g__Actinokineospora_s__Actinokineospora_terrae,RS_GCF_900111175.1,Contemporaneous,1.0,0.0
_p332,GB_GCA_014138725.1,Transfer,0.875,0.875
p__Actinobacteriota_c__Actinomycetia_o__Mycobacteriales_f__Pseudonocardiaceae_g__Amycolatopsis_s__Amycolatopsis_nigrescens,RS_GCF_000384315.1,Contemporaneous,1.0,0.0
p__Actinobacteriota_c__Actinomycetia_o__Mycobacteriales_f__Pseudonocardiaceae_g__Kutzneria_s__Kutzneria_viridogrisea,GB_GCA_014138725.1,Contemporaneous,1.0,0.0
_p292,_h108,Cospeciation,1.0,1.0
_p295,100.0_f__Streptomycetaceae,Loss,1.0,1.0
_p295,_h109,Cospeciation,1.0,1.0
_p296,RS_GCF_014656195.1,Transfer,1.0,0.5581395348837209
_p297,_h133,Cospeciation,0.5581395348837209,0.5581395348837209
_p298,RS_GCF_000262345.1,Transfer,0.5581395348837209,0.27906976744186046
_p299,RS_GCF_003574445.1,Transfer,0.3953488372093023,0.19767441860465115
_p300,RS_GCF_013085465.1,Transfer,0.5581395348837209,0.5581395348837209
p__Actinobacteriota_c__Actinomycetia_o__Streptomycetales_f__Streptomycetaceae_g__Streptomyces_s__Streptomyces_sp002711365,RS_GCF_002711365.1,Contemporaneous,1.0,0.0
p__Actinobacteriota_c__Actinomycetia_o__Streptomycetales_f__Streptomycetaceae_g__Streptomyces_s__Streptomyces_cacaoi_A,RS_GCF_013085465.1,Contemporaneous,1.0,0.0
p__Actinobacteriota_c__Actinomycetia_o__Streptomycetales_f__Streptomycetaceae_g__Streptomyces_s__Streptomyces_sp003574445,RS_GCF_003574445.1,Contemporaneous,1.0,0.0
p__Actinobacteriota_c__Actinomycetia_o__Streptomycetales_f__Streptomycetaceae_g__Streptomyces_s__Streptomyces_xiaopingdaonensis,RS_GCF_000262345.1,Contemporaneous,1.0,0.0
_p301,RS_GCF_006539165.1,Transfer,0.5581395348837209,0.23255813953488372
_p303,RS_GCF_012273655.1,Transfer,0.46511627906976744,0.23255813953488372
_p304,_h130,Transfer,0.3488372093023256,0.3488372093023256
_p305,100.0_g__Embleya,Cospeciation,1.0,1.0
p__Actinobacteriota_c__Actinomycetia_o__Streptomycetales_f__Streptomycetaceae_g__Embleya_s__Embleya_hyalina,RS_GCF_003967355.1,Contemporaneous,1.0,0.0
p__Actinobacteriota_c__Actinomycetia_o__Streptomycetales_f__Streptomycetaceae_g__Embleya_s__Embleya_scabrispora,RS_GCF_000372745.1,Contemporaneous,1.0,0.0
_p306,_h130,Cospeciation,0.6976744186046512,0.6976744186046512
_p307,RS_GCF_007595705.1,Transfer,0.6976744186046512,0.6976744186046512
p__Actinobacteriota_c__Actinomycetia_o__Streptomycetales_f__Streptomycetaceae_g__Streptomyces_s__Streptomyces_hoynatensis,RS_GCF_003626535.1,Contemporaneous,1.0,0.0
_p308,RS_GCF_007595705.1,Transfer,0.6976744186046512,0.27906976744186046
_p309,RS_GCF_003865135.1,Transfer,0.27906976744186046,0.13953488372093023
_p310,RS_GCF_002556545.1,Transfer,0.37209302325581395,0.37209302325581395
_p311,_h121,Cospeciation,1.0,1.0
p__Actinobacteriota_c__Actinomycetia_o__Streptomycetales_f__Streptomycetaceae_g__Streptomyces_s__Streptomyces_globisporus,_h122,Loss,1.0,1.0
p__Actinobacteriota_c__Actinomycetia_o__Streptomycetales_f__Streptomycetaceae_g__Streptomyces_s__Streptomyces_globisporus,GB_GCA_014649555.1,Contemporaneous,1.0,0.0
p__Actinobacteriota_c__Actinomycetia_o__Streptomycetales_f__Streptomycetaceae_g__Streptomyces_s__Streptomyces_sp900091725,RS_GCF_900091725.1,Contemporaneous,1.0,0.0
p__Actinobacteriota_c__Actinomycetia_o__Streptomycetales_f__Streptomycetaceae_g__Streptomyces_s__Streptomyces_formicae,RS_GCF_002556545.1,Contemporaneous,1.0,0.0
p__Actinobacteriota_c__Actinomycetia_o__Streptomycetales_f__Streptomycetaceae_g__Streptomyces_s__Streptomyces_chrestomyceticus,RS_GCF_003865135.1,Contemporaneous,1.0,0.0
p__Actinobacteriota_c__Actinomycetia_o__Streptomycetales_f__Streptomycetaceae_g__Streptomyces_s__Streptomyces_sp007595705,RS_GCF_007595705.1,Contemporaneous,1.0,0.0
_p312,GB_GCA_018114805.1,Transfer,0.7441860465116279,0.7441860465116279
p__Actinobacteriota_c__Actinomycetia_o__Streptomycetales_f__Streptomycetaceae_g__Streptomyces_s__Streptomyces_sp000721375,GB_GCA_000721375.1,Contemporaneous,1.0,0.0
_p313,GB_GCA_018114805.1,Transfer,0.8488372093023255,0.8488372093023255
_p314,_h125,Cospeciation,1.0,1.0
_p318,_h126,Cospeciation,1.0,1.0
p__Actinobacteriota_c__Actinomycetia_o__Streptomycetales_f__Streptomycetaceae_g__Streptomyces_s__Streptomyces_sp015999245,RS_GCF_015999245.1,Contemporaneous,1.0,0.0
_p319,_h127,Cospeciation,1.0,1.0
_p320,_h128,Cospeciation,1.0,1.0
p__Actinobacteriota_c__Actinomycetia_o__Streptomycetales_f__Streptomycetaceae_g__Streptomyces_s__Streptomyces_sp014253015,RS_GCF_014253015.1,Contemporaneous,1.0,0.0
p__Actinobacteriota_c__Actinomycetia_o__Streptomycetales_f__Streptomycetaceae_g__Streptomyces_s__Streptomyces_mobaraensis,RS_GCF_017916255.1,Contemporaneous,1.0,0.0
p__Actinobacteriota_c__Actinomycetia_o__Streptomycetales_f__Streptomycetaceae_g__Streptomyces_s__Streptomyces_sp013055795,RS_GCF_013055795.1,Contemporaneous,1.0,0.0
_p315,RS_GCF_014648775.1,Transfer,1.0,1.0
p__Actinobacteriota_c__Actinomycetia_o__Streptomycetales_f__Streptomycetaceae_g__Streptomyces_s__Streptomyces_hiroshimensis,RS_GCF_014650335.1,Contemporaneous,1.0,0.0
_p316,RS_GCF_014648775.1,Transfer,1.0,1.0
_p317,_h129,Cospeciation,1.0,1.0
p__Actinobacteriota_c__Actinomycetia_o__Streptomycetales_f__Streptomycetaceae_g__Streptomyces_s__Streptomyces_syringium,RS_GCF_017876625.1,Contemporaneous,1.0,0.0
p__Actinobacteriota_c__Actinomycetia_o__Streptomycetales_f__Streptomycetaceae_g__Streptomyces_s__Streptomyces_olivoreticuli,RS_GCF_003391135.1,Contemporaneous,1.0,0.0
p__Actinobacteriota_c__Actinomycetia_o__Streptomycetales_f__Streptomycetaceae_g__Streptomyces_s__Streptomyces_abikoensis,RS_GCF_014648775.1,Contemporaneous,1.0,0.0
p__Actinobacteriota_c__Actinomycetia_o__Streptomycetales_f__Streptomycetaceae_g__Streptomyces_s__Streptomyces_philanthi,GB_GCA_018114805.1,Contemporaneous,1.0,0.0
p__Actinobacteriota_c__Actinomycetia_o__Streptomycetales_f__Streptomycetaceae_g__Streptomyces_s__Streptomyces_physcomitrii,RS_GCF_012273655.1,Contemporaneous,1.0,0.0
_p302,RS_GCF_006539165.1,Transfer,0.5581395348837209,0.5581395348837209
p__Actinobacteriota_c__Actinomycetia_o__Streptomycetales_f__Streptomycetaceae_g__Streptomyces_s__Streptomyces_sp012726265,RS_GCF_012726265.1,Contemporaneous,1.0,0.0
p__Actinobacteriota_c__Actinomycetia_o__Streptomycetales_f__Streptomycetaceae_g__Streptomyces_s__Streptomyces_cacaoi,RS_GCF_006539165.1,Contemporaneous,1.0,0.0
p__Actinobacteriota_c__Actinomycetia_o__Streptomycetales_f__Streptomycetaceae_g__Kitasatospora_s__Kitasatospora_xanthocidica,RS_GCF_014656195.1,Contemporaneous,1.0,0.0
p__Actinobacteriota_c__Actinomycetia_o__Streptomycetales_f__Streptomycetaceae_g__SCUT-3_s__SCUT-3_sp014083985,_h110,Loss,1.0,1.0
p__Actinobacteriota_c__Actinomycetia_o__Streptomycetales_f__Streptomycetaceae_g__SCUT-3_s__SCUT-3_sp014083985,RS_GCF_014083985.1,Contemporaneous,1.0,0.0
_p293,RS_GCF_011250645.1,Transfer,1.0,1.0
_p294,_h139,Cospeciation,1.0,1.0
p__Actinobacteriota_c__Thermoleophilia_o__Solirubrobacterales_f__Solirubrobacteraceae_g__Patulibacter_s__Patulibacter_americanus,RS_GCF_000420025.1,Contemporaneous,1.0,0.0
p__Actinobacteriota_c__Thermoleophilia_o__Solirubrobacterales_f__Solirubrobacteraceae_g__Patulibacter_s__Patulibacter_sp017916475,RS_GCF_017916475.1,Contemporaneous,1.0,0.0
p__Actinobacteriota_c__Actinomycetia_o__Motilibacterales_f__Motilibacteraceae_g__Motilibacter_A_s__Motilibacter_A_aurantiacus,RS_GCF_011250645.1,Contemporaneous,1.0,0.0
_p282,_h46,Cospeciation,1.0,1.0
p__Actinobacteriota_c__Actinomycetia_o__Streptosporangiales_f__Streptosporangiaceae_g__Acrocarpospora_s__Acrocarpospora_pleiomorpha,RS_GCF_009687885.1,Contemporaneous,1.0,0.0
_p283,_h47,Transfer,1.0,0.3333333333333333
_p284,RS_GCF_014764405.1,Transfer,0.5,0.5
p__Actinobacteriota_c__Actinomycetia_o__Mycobacteriales_f__Micromonosporaceae_g__Pilimelia_s__Pilimelia_anulata,RS_GCF_014647895.1,Contemporaneous,1.0,0.0
p__Actinobacteriota_c__Actinomycetia_o__Mycobacteriales_f__Micromonosporaceae_g__Micromonospora_s__Micromonospora_craniellae,RS_GCF_014764405.1,Contemporaneous,1.0,0.0
_p285,_h47,Loss,0.6666666666666666,0.3333333333333333
_p285,_h50,Transfer,0.6666666666666666,0.6666666666666666
_p288,_h106,Cospeciation,1.0,1.0
_p289,RS_GCF_002285795.1,Transfer,1.0,1.0
p__Actinobacteriota_c__Actinomycetia_o__Mycobacteriales_f__Micromonosporaceae_g__Actinoplanes_s__Actinoplanes_endophyticus,RS_GCF_014646155.1,Contemporaneous,1.0,0.0
_p290,RS_GCF_002285795.1,Transfer,1.0,1.0
p__Actinobacteriota_c__Actinomycetia_o__Mycobacteriales_f__Micromonosporaceae_g__Dactylosporangium_s__Dactylosporangium_sucinum,RS_GCF_014647515.1,Contemporaneous,1.0,0.0
p__Actinobacteriota_c__Actinomycetia_o__Mycobacteriales_f__Micromonosporaceae_g__KBS50_s__KBS50_sp002285795,RS_GCF_002285795.1,Contemporaneous,1.0,0.0
p__Actinobacteriota_c__Actinomycetia_o__Mycobacteriales_f__Micromonosporaceae_g__Micromonospora_H_s__Micromonospora_H_polyrhachis,_h107,Loss,1.0,1.0
p__Actinobacteriota_c__Actinomycetia_o__Mycobacteriales_f__Micromonosporaceae_g__Micromonospora_H_s__Micromonospora_H_polyrhachis,RS_GCF_014203835.1,Contemporaneous,1.0,0.0
_p286,_h50,Cospeciation,1.0,1.0
p__Actinobacteriota_c__Actinomycetia_o__Streptosporangiales_f__Streptosporangiaceae_g__Nonomuraea_s__Nonomuraea_pusilla,RS_GCF_900109355.1,Contemporaneous,1.0,0.0
_p287,RS_GCF_013761175.1,Transfer,1.0,1.0
p__Actinobacteriota_c__Actinomycetia_o__Streptosporangiales_f__Streptosporangiaceae_g__Streptosporangium_s__Streptosporangium_becharense,RS_GCF_014204985.1,Contemporaneous,1.0,0.0
p__Actinobacteriota_c__Actinomycetia_o__Streptosporangiales_f__Streptosporangiaceae_g__Nonomuraea_s__Nonomuraea_soli,RS_GCF_013761175.1,Contemporaneous,1.0,0.0
p__Actinobacteriota_c__Actinomycetia_o__Streptosporangiales_f__Streptosporangiaceae_g__Spirillospora_s__Spirillospora_sp003432485,_h45,Loss,1.0,1.0
p__Actinobacteriota_c__Actinomycetia_o__Streptosporangiales_f__Streptosporangiaceae_g__Spirillospora_s__Spirillospora_sp003432485,RS_GCF_003432485.1,Contemporaneous,1.0,0.0
_p236,RS_GCF_000012985.1,Transfer,0.8,0.4
_p237,70.0_c__Polyangia,Transfer,0.5,0.25
_p238,RS_GCF_003399765.1,Transfer,0.5,0.5
p__Cyanobacteria_c__Cyanobacteriia_o__Phormidesmiales_f__Phormidesmiaceae_g__Phormidesmis_s__Phormidesmis_sp000155595,RS_GCF_000155595.1,Contemporaneous,1.0,0.0
p__Proteobacteria_c__Gammaproteobacteria_o__Nitrococcales_f__AK92_g__AK92_s__AK92_sp003399765,RS_GCF_003399765.1,Contemporaneous,1.0,0.0
_p239,70.0_c__Polyangia,Cospeciation,1.0,1.0
_p240,100.0_o__Polyangiales,Loss,1.0,1.0
_p240,_h316,Cospeciation,1.0,1.0
_p241,100.0_g__Sorangium,Cospeciation,1.0,1.0
p__Myxococcota_c__Polyangia_o__Polyangiales_f__Polyangiaceae_g__Sorangium_s__Sorangium_cellulosum_B,RS_GCF_000067165.1,Contemporaneous,1.0,0.0
p__Myxococcota_c__Polyangia_o__Polyangiales_f__Polyangiaceae_g__Sorangium_s__Sorangium_cellulosum_F,RS_GCF_004135735.1,Contemporaneous,1.0,0.0
_p242,_h317,Cospeciation,1.0,1.0
p__Myxococcota_c__Polyangia_o__Polyangiales_f__Polyangiaceae_g__Polyangium_s__Polyangium_spumosum,RS_GCF_009649845.1,Contemporaneous,1.0,0.0
p__Myxococcota_c__Polyangia_o__Polyangiales_f__Polyangiaceae_g__Polyangium_s__Polyangium_fumosum,RS_GCF_005144585.1,Contemporaneous,1.0,0.0
p__Myxococcota_c__Polyangia_o__Haliangiales_f__Haliangiaceae_g__Haliangium_s__Haliangium_ochraceum,RS_GCF_000024805.1,Contemporaneous,1.0,0.0
_p243,RS_GCF_000012985.1,Transfer,0.8,0.4
_p257,RS_GCF_000576635.1,Transfer,0.5,0.5
_p258,100.0_f__Paenibacillaceae,Cospeciation,1.0,1.0
_p262,RS_GCF_011947265.1,Transfer,1.0,1.0
_p263,_h312,Cospeciation,1.0,1.0
_p264,_h314,Cospeciation,1.0,1.0
p__Myxococcota_c__Myxococcia_o__Myxococcales_f__Myxococcaceae_g__Corallococcus_s__Corallococcus_coralloides,RS_GCF_000255295.1,Contemporaneous,1.0,0.0
p__Myxococcota_c__Myxococcia_o__Myxococcales_f__Myxococcaceae_g__Corallococcus_s__Corallococcus_sp014930455,RS_GCF_014930455.1,Contemporaneous,1.0,0.0
_p265,100.0_g__Myxococcus,Cospeciation,1.0,1.0
_p267,RS_GCF_006402735.1,Transfer,1.0,1.0
p__Myxococcota_c__Myxococcia_o__Myxococcales_f__Myxococcaceae_g__Stigmatella_s__Stigmatella_aurantiaca_A,RS_GCF_000165485.1,Contemporaneous,1.0,0.0
p__Myxococcota_c__Myxococcia_o__Myxococcales_f__Myxococcaceae_g__Myxococcus_s__Myxococcus_xanthus_A,RS_GCF_006402735.1,Contemporaneous,1.0,0.0
_p266,_h313,Cospeciation,1.0,1.0
p__Myxococcota_c__Myxococcia_o__Myxococcales_f__Myxococcaceae_g__Myxococcus_s__Myxococcus_eversor,RS_GCF_010894455.1,Contemporaneous,1.0,0.0
p__Myxococcota_c__Myxococcia_o__Myxococcales_f__Myxococcaceae_g__Myxococcus_s__Myxococcus_stipitatus,RS_GCF_000331735.1,Contemporaneous,1.0,0.0
_p268,RS_GCF_011947265.1,Transfer,1.0,0.8
_p269,_h17,Cospeciation,0.8,0.8
_p270,RS_GCF_000011645.1,Transfer,0.8,0.8
p__Firmicutes_c__Bacilli_o__Thermoactinomycetales_f__DSM-45169_g__Melghirimyces_s__Melghirimyces_algeriensis,RS_GCF_900182565.1,Contemporaneous,1.0,0.0
p__Firmicutes_c__Bacilli_o__Bacillales_f__Bacillaceae_g__Bacillus_s__Bacillus_licheniformis,RS_GCF_000011645.1,Contemporaneous,1.0,0.0
_p271,_h18,Transfer,0.8,0.2
_p274,RS_GCF_900107305.1,Transfer,0.4,0.2
_p276,_h15,Transfer,0.5,0.25
_p277,RS_GCF_000271485.2,Transfer,0.5,0.5
p__Firmicutes_c__Bacilli_o__Bacillales_A_f__Planococcaceae_g__Solibacillus_s__Solibacillus_silvestris,GB_GCA_001586195.1,Contemporaneous,1.0,0.0
p__Firmicutes_C_c__Negativicutes_o__Propionisporales_f__Propionisporaceae_g__Pelosinus_s__Pelosinus_fermentans,RS_GCF_000271485.2,Contemporaneous,1.0,0.0
_p278,_h15,Cospeciation,1.0,1.0
_p279,RS_GCF_000161455.1,Transfer,1.0,1.0
p__Firmicutes_c__Bacilli_o__Bacillales_f__Bacillaceae_G_g__Bacillus_A_s__Bacillus_A_cytotoxicus,RS_GCF_000017425.1,Contemporaneous,1.0,0.0
p__Firmicutes_c__Bacilli_o__Bacillales_f__Bacillaceae_G_g__Bacillus_A_s__Bacillus_A_pseudomycoides,RS_GCF_000161455.1,Contemporaneous,1.0,0.0
p__Firmicutes_c__Bacilli_o__Bacillales_f__Bacillaceae_G_g__Bacillus_A_s__Bacillus_A_sp018966865,GB_GCA_018966865.1,Contemporaneous,1.0,0.0
_p275,RS_GCF_900107305.1,Transfer,0.6,0.6
p__Firmicutes_c__Bacilli_o__Bacillales_B_f__DSM-18226_g__Neobacillus_s__Neobacillus_thermocopriae,RS_GCF_010975035.1,Contemporaneous,1.0,0.0
p__Firmicutes_c__Bacilli_o__Thermoactinomycetales_f__Thermoactinomycetaceae_g__Baia_s__Baia_sp900107305,RS_GCF_900107305.1,Contemporaneous,1.0,0.0
_p272,_h18,Cospeciation,1.0,1.0
p__Firmicutes_c__Bacilli_o__Bacillales_f__Bacillaceae_g__Bacillus_s__Bacillus_inaquosorum,GB_GCA_000332645.1,Contemporaneous,1.0,0.0
_p273,RS_GCF_000196735.1,Transfer,1.0,1.0
p__Firmicutes_c__Bacilli_o__Bacillales_f__Bacillaceae_g__Bacillus_s__Bacillus_safensis,RS_GCF_000691165.1,Contemporaneous,1.0,0.0
p__Firmicutes_c__Bacilli_o__Bacillales_f__Bacillaceae_g__Bacillus_s__Bacillus_amyloliquefaciens,RS_GCF_000196735.1,Contemporaneous,1.0,0.0
p__Firmicutes_c__Bacilli_o__Paenibacillales_f__Paenibacillaceae_g__Paenibacillus_C_s__Paenibacillus_C_sp011947265,RS_GCF_011947265.1,Contemporaneous,1.0,0.0
_p259,93.0_g__Paenibacillus,Cospeciation,1.0,1.0
_p261,GB_GCA_017512705.1,Transfer,1.0,1.0
p__Firmicutes_c__Bacilli_o__Paenibacillales_f__NBRC-103111_g__Paenibacillus_F_s__Paenibacillus_F_chitinolyticus,RS_GCF_000739915.1,Contemporaneous,1.0,0.0
p__Firmicutes_c__Bacilli_o__Paenibacillales_f__Paenibacillaceae_g__Paenibacillus_s__Paenibacillus_sp017512705,GB_GCA_017512705.1,Contemporaneous,1.0,0.0
_p260,RS_GCF_004000885.1,Transfer,1.0,1.0
p__Firmicutes_c__Bacilli_o__Paenibacillales_f__NBRC-103111_g__Paenibacillus_G_s__Paenibacillus_G_ehimensis,RS_GCF_004000785.1,Contemporaneous,1.0,0.0
p__Firmicutes_c__Bacilli_o__Paenibacillales_f__Paenibacillaceae_g__Paenibacillus_s__Paenibacillus_glucanolyticus,RS_GCF_004000885.1,Contemporaneous,1.0,0.0
p__Proteobacteria_c__Alphaproteobacteria_o__Azospirillales_f__Azospirillaceae_g__Skermanella_s__Skermanella_stibiiresistens,RS_GCF_000576635.1,Contemporaneous,1.0,0.0
_p244,RS_GCF_000012985.1,Transfer,0.8,0.1
_p246,RS_GCF_000969645.2,Transfer,0.3,0.15
_p250,GB_GCA_000018565.1,Transfer,0.5,0.25
_p251,_h225,Transfer,0.5,0.25
_p252,RS_GCF_007004725.1,Transfer,0.5,0.5
p__Proteobacteria_c__Gammaproteobacteria_o__Pseudomonadales_f__Zooshikellaceae_g__Zooshikella_s__Zooshikella_sp018837975,RS_GCF_018837975.1,Contemporaneous,1.0,0.0
p__Proteobacteria_c__Gammaproteobacteria_o__Enterobacterales_f__Kangiellaceae_g__Aliikangiella_s__Aliikangiella_coralliicola,RS_GCF_007004725.1,Contemporaneous,1.0,0.0
_p253,_h225,Cospeciation,1.0,1.0
_p255,RS_GCF_000953825.1,Transfer,1.0,0.5
_p256,GB_GCA_002009425.1,Transfer,0.5,0.5
p__Proteobacteria_c__Gammaproteobacteria_o__Enterobacterales_f__Alteromonadaceae_g__Pseudoalteromonas_s__Pseudoalteromonas_denitrificans,RS_GCF_900112265.1,Contemporaneous,1.0,0.0
p__Proteobacteria_c__Gammaproteobacteria_o__Chromatiales_f__Sedimenticolaceae_g__41T-STBD-0c-01a_s__41T-STBD-0c-01a_sp002009425,GB_GCA_002009425.1,Contemporaneous,1.0,0.0
p__Proteobacteria_c__Gammaproteobacteria_o__Pseudomonadales_f__Cellvibrionaceae_g__Cellvibrio_s__Cellvibrio_sp000953825,RS_GCF_000953825.1,Contemporaneous,1.0,0.0
_p254,_h226,Cospeciation,1.0,1.0
p__Proteobacteria_c__Gammaproteobacteria_o__Pseudomonadales_f__Cellvibrionaceae_g__Saccharophagus_s__Saccharophagus_degradans,RS_GCF_000013665.1,Contemporaneous,1.0,0.0
p__Proteobacteria_c__Gammaproteobacteria_o__Pseudomonadales_f__Cellvibrionaceae_g__Teredinibacter_s__Teredinibacter_franksiae,_h227,Loss,1.0,1.0
p__Proteobacteria_c__Gammaproteobacteria_o__Pseudomonadales_f__Cellvibrionaceae_g__Teredinibacter_s__Teredinibacter_franksiae,_h228,Loss,1.0,1.0
p__Proteobacteria_c__Gammaproteobacteria_o__Pseudomonadales_f__Cellvibrionaceae_g__Teredinibacter_s__Teredinibacter_franksiae,RS_GCF_014218805.1,Contemporaneous,1.0,0.0
p__Chloroflexota_c__Chloroflexia_o__Chloroflexales_f__Herpetosiphonaceae_g__Herpetosiphon_s__Herpetosiphon_aurantiacus,GB_GCA_000018565.1,Contemporaneous,1.0,0.0
_p247,RS_GCF_000969645.2,Transfer,0.4,0.4
_p249,_h154,Cospeciation,1.0,1.0
p__Proteobacteria_c__Gammaproteobacteria_o__Burkholderiales_f__Burkholderiaceae_g__Burkholderia_s__Burkholderia_ambifaria,RS_GCF_000203915.1,Contemporaneous,1.0,0.0
p__Proteobacteria_c__Gammaproteobacteria_o__Burkholderiales_f__Burkholderiaceae_g__Burkholderia_s__Burkholderia_stagnalis,RS_GCF_902830275.1,Contemporaneous,1.0,0.0
_p248,RS_GCF_000969645.2,Transfer,0.6,0.6
p__Proteobacteria_c__Gammaproteobacteria_o__Burkholderiales_f__Rhodocyclaceae_g__Azoarcus_s__Azoarcus_sp006496635,RS_GCF_006496635.1,Contemporaneous,1.0,0.0
p__Proteobacteria_c__Gammaproteobacteria_o__Burkholderiales_f__Chitinibacteraceae_g__Iodobacter_s__Iodobacter_sp000969645,RS_GCF_000969645.2,Contemporaneous,1.0,0.0
_p245,RS_GCF_000012985.1,Transfer,0.9,0.9
p__Proteobacteria_c__Gammaproteobacteria_o__Pseudomonadales_f__Halomonadaceae_g__Halotalea_s__Halotalea_alkalilenta_A,RS_GCF_001648175.1,Contemporaneous,1.0,0.0
p__Proteobacteria_c__Gammaproteobacteria_o__Pseudomonadales_f__Oleiphilaceae_g__Hahella_s__Hahella_chejuensis,RS_GCF_000012985.1,Contemporaneous,1.0,0.0
p__Actinobacteriota_c__Actinomycetia_o__Mycobacteriales_f__Mycobacteriaceae_g__X156_s__X156_sp004006015,RS_GCF_004006015.1,Contemporaneous,1.0,0.0
_p96,RS_GCF_007559025.1,Transfer,0.5296442687747036,0.2648221343873518
_p97,RS_GCF_000379465.1,Transfer,0.5,0.5
_p98,_h71,Cospeciation,1.0,1.0
p__Actinobacteriota_c__Actinomycetia_o__Mycobacteriales_f__Pseudonocardiaceae_g__Amycolatopsis_s__Amycolatopsis_acidicola,RS_GCF_007713735.2,Contemporaneous,1.0,0.0
_p99,RS_GCF_013410405.1,Transfer,1.0,1.0
p__Actinobacteriota_c__Actinomycetia_o__Mycobacteriales_f__Pseudonocardiaceae_g__Saccharomonospora_s__Saccharomonospora_marina_A,RS_GCF_002240355.1,Contemporaneous,1.0,0.0
p__Actinobacteriota_c__Actinomycetia_o__Mycobacteriales_f__Pseudonocardiaceae_g__Amycolatopsis_s__Amycolatopsis_endophytica,RS_GCF_013410405.1,Contemporaneous,1.0,0.0
p__Actinobacteriota_c__Actinomycetia_o__Mycobacteriales_f__Pseudonocardiaceae_g__Sciscionella_s__Sciscionella_marina,RS_GCF_000379465.1,Contemporaneous,1.0,0.0
p__Actinobacteriota_c__Actinomycetia_o__Mycobacteriales_f__Mycobacteriaceae_g__Tomitella_s__Tomitella_sp007559025,RS_GCF_007559025.1,Contemporaneous,1.0,0.0
_p14,_h79,Cospeciation,0.6521739130434783,0.6521739130434783
_p15,_h81,Transfer,0.8260869565217391,0.19965847891764088
_p17,RS_GCF_000010305.1,Transfer,0.24169184290030213,0.12084592145015106
_p18,_h279,Transfer,0.48942598187311176,0.48942598187311176
p__Proteobacteria_c__Gammaproteobacteria_o__Burkholderiales_f__Burkholderiaceae_g__Lampropedia_s__Lampropedia_cohaerens,RS_GCF_001005215.1,Contemporaneous,1.0,0.0
_p19,_h279,Cospeciation,0.9848942598187311,0.9848942598187311
p__Proteobacteria_c__Alphaproteobacteria_o__Rhodobacterales_f__Rhodobacteraceae_g__Aquimixticola_s__Aquimixticola_soesokkakensis,RS_GCF_900172375.1,Contemporaneous,1.0,0.0
p__Proteobacteria_c__Alphaproteobacteria_o__Rhodobacterales_f__Rhodobacteraceae_g__Poseidonocella_s__Poseidonocella_sedimentorum,_h280,Loss,0.9848942598187311,0.9848942598187311
p__Proteobacteria_c__Alphaproteobacteria_o__Rhodobacterales_f__Rhodobacteraceae_g__Poseidonocella_s__Poseidonocella_sedimentorum,RS_GCF_900116005.1,Contemporaneous,1.0,0.0
_p20,RS_GCF_000010305.1,Transfer,0.48338368580060426,0.24169184290030213
_p21,61.0_g__Ancylobacter,Transfer,0.48338368580060426,0.24169184290030213
_p23,_h298,Transfer,0.48338368580060426,0.1933534743202417
_p24,_h263,Transfer,0.39274924471299094,0.1309164149043303
_p25,RS_GCF_000421705.1,Transfer,0.4108761329305136,0.4108761329305136
p__Proteobacteria_c__Alphaproteobacteria_o__Sphingomonadales_f__Sphingomonadaceae_g__Croceibacterium_s__Croceibacterium_sp001897135,GB_GCA_017308255.1,Contemporaneous,1.0,0.0
p__Proteobacteria_c__Alphaproteobacteria_o__Caulobacterales_f__Caulobacteraceae_g__Brevundimonas_s__Brevundimonas_naejangsanensis,RS_GCF_000421705.1,Contemporaneous,1.0,0.0
_p26,_h263,Cospeciation,0.6666666666666666,0.6666666666666666
_p28,_h266,Cospeciation,1.0,1.0
_p30,_h269,Transfer,1.0,1.0
p__Proteobacteria_c__Gammaproteobacteria_o__Xanthomonadales_f__Xanthomonadaceae_g__Stenotrophomonas_s__Stenotrophomonas_maltophilia_AN,GB_GCA_002363385.1,Contemporaneous,1.0,0.0
_p31,_h269,Cospeciation,1.0,1.0
p__Proteobacteria_c__Gammaproteobacteria_o__Xanthomonadales_f__Xanthomonadaceae_g__Stenotrophomonas_s__Stenotrophomonas_maltophilia_AK,GB_GCA_014171555.1,Contemporaneous,1.0,0.0
p__Proteobacteria_c__Gammaproteobacteria_o__Xanthomonadales_f__Xanthomonadaceae_g__Stenotrophomonas_s__Stenotrophomonas_maltophilia_F,RS_GCF_000284595.1,Contemporaneous,1.0,0.0
_p29,_h267,Cospeciation,1.0,1.0
p__Proteobacteria_c__Gammaproteobacteria_o__Xanthomonadales_f__Xanthomonadaceae_g__Stenotrophomonas_s__Stenotrophomonas_rhizophila_A,RS_GCF_001704155.1,Contemporaneous,1.0,0.0
p__Proteobacteria_c__Gammaproteobacteria_o__Xanthomonadales_f__Xanthomonadaceae_g__Stenotrophomonas_s__Stenotrophomonas_rhizophila,_h268,Loss,1.0,1.0
p__Proteobacteria_c__Gammaproteobacteria_o__Xanthomonadales_f__Xanthomonadaceae_g__Stenotrophomonas_s__Stenotrophomonas_rhizophila,RS_GCF_000661955.1,Contemporaneous,1.0,0.0
_p27,_h264,Loss,0.6666666666666666,0.3333333333333333
_p27,GB_GCA_002324875.1,Transfer,0.3333333333333333,0.3333333333333333
p__Proteobacteria_c__Gammaproteobacteria_o__Xanthomonadales_f__Rhodanobacteraceae_g__Rhodanobacter_s__Rhodanobacter_sp017305055,GB_GCA_017305055.1,Contemporaneous,1.0,0.0
p__Proteobacteria_c__Gammaproteobacteria_o__Xanthomonadales_f__Xanthomonadaceae_g__Luteimonas_s__Luteimonas_sp002324875,GB_GCA_002324875.1,Contemporaneous,1.0,0.0
_p32,_h298,Cospeciation,0.9848942598187311,0.9848942598187311
p__Proteobacteria_c__Alphaproteobacteria_o__Rhizobiales_f__Rhizobiaceae_g__Pseudaminobacter_s__Pseudaminobacter_arsenicus,RS_GCF_003934165.1,Contemporaneous,1.0,0.0
_p33,RS_GCF_011045115.1,Transfer,0.9848942598187311,0.9848942598187311
_p34,_h295,Cospeciation,1.0,1.0
_p35,RS_GCF_001687365.1,Transfer,1.0,1.0
p__Proteobacteria_c__Alphaproteobacteria_o__Rhizobiales_A_f__Rhizobiaceae_A_g__Phyllobacterium_s__Phyllobacterium_sp000282595,RS_GCF_000282595.1,Contemporaneous,1.0,0.0
p__Proteobacteria_c__Alphaproteobacteria_o__Rhizobiales_f__Rhizobiaceae_g__Pararhizobium_s__Pararhizobium_polonicum,RS_GCF_001687365.1,Contemporaneous,1.0,0.0
p__Proteobacteria_c__Alphaproteobacteria_o__Rhizobiales_f__Rhizobiaceae_g__Allorhizobium_s__Allorhizobium_thiooxidans,_h296,Loss,1.0,1.0
p__Proteobacteria_c__Alphaproteobacteria_o__Rhizobiales_f__Rhizobiaceae_g__Allorhizobium_s__Allorhizobium_thiooxidans,RS_GCF_014126615.1,Contemporaneous,1.0,0.0
_p36,RS_GCF_011045115.1,Transfer,0.9848942598187311,0.9848942598187311
p__Proteobacteria_c__Alphaproteobacteria_o__Zavarziniales_f__Zavarziniaceae_g__Zavarzinia_s__Zavarzinia_compransoris,RS_GCF_003173055.1,Contemporaneous,1.0,0.0
_p37,RS_GCF_011045115.1,Transfer,0.9848942598187311,0.9848942598187311
_p40,_h281,Cospeciation,1.0,1.0
_p47,RS_GCF_013377785.1,Transfer,1.0,1.0
_p50,_h289,Cospeciation,1.0,1.0
_p51,RS_GCF_007993065.1,Transfer,1.0,1.0
p__Proteobacteria_c__Alphaproteobacteria_o__Rhodobacterales_f__Rhodobacteraceae_g__Paracoccus_s__Paracoccus_zhejiangensis,RS_GCF_002847445.1,Contemporaneous,1.0,0.0
p__Proteobacteria_c__Alphaproteobacteria_o__Rhodobacterales_f__Rhodobacteraceae_g__Paracoccus_s__Paracoccus_aurantiacus,RS_GCF_007993065.1,Contemporaneous,1.0,0.0
_p52,_h290,Cospeciation,1.0,1.0
p__Proteobacteria_c__Alphaproteobacteria_o__Rhodobacterales_f__Rhodobacteraceae_g__Paracoccus_s__Paracoccus_xiamenensis,RS_GCF_011308835.1,Contemporaneous,1.0,0.0
p__Proteobacteria_c__Alphaproteobacteria_o__Rhodobacterales_f__Rhodobacteraceae_g__Paracoccus_s__Paracoccus_sp013868135,RS_GCF_013868135.1,Contemporaneous,1.0,0.0
_p48,RS_GCF_013377785.1,Transfer,1.0,0.5
_p49,RS_GCF_002933395.1,Transfer,0.5,0.5
p__Proteobacteria_c__Alphaproteobacteria_o__Rhodobacterales_f__Rhodobacteraceae_g__Falsirhodobacter_s__Falsirhodobacter_sp000739715,RS_GCF_000739715.2,Contemporaneous,1.0,0.0
p__Proteobacteria_c__Alphaproteobacteria_o__Rhodobacterales_f__Rhodobacteraceae_g__Yoonia_s__Yoonia_maritima_A,RS_GCF_002933395.1,Contemporaneous,1.0,0.0
p__Proteobacteria_c__Alphaproteobacteria_o__Rhodobacterales_f__Rhodobacteraceae_g__Ruegeria_s__Ruegeria_haliotis,RS_GCF_013377785.1,Contemporaneous,1.0,0.0
_p41,RS_GCF_900313035.1,Transfer,1.0,1.0
_p44,_h284,Cospeciation,1.0,1.0
_p46,RS_GCF_007830335.1,Transfer,1.0,1.0
p__Proteobacteria_c__Alphaproteobacteria_o__Rhodobacterales_f__Rhodobacteraceae_g__Paracoccus_s__Paracoccus_alkenifer,RS_GCF_900108405.1,Contemporaneous,1.0,0.0
p__Proteobacteria_c__Alphaproteobacteria_o__Rhodobacterales_f__Rhodobacteraceae_g__Paracoccus_s__Paracoccus_sulfuroxidans,RS_GCF_007830335.1,Contemporaneous,1.0,0.0
_p45,_h285,Cospeciation,1.0,1.0
p__Proteobacteria_c__Alphaproteobacteria_o__Rhodobacterales_f__Rhodobacteraceae_g__Paracoccus_s__Paracoccus_pantotrophus,RS_GCF_008824185.1,Contemporaneous,1.0,0.0
p__Proteobacteria_c__Alphaproteobacteria_o__Rhodobacterales_f__Rhodobacteraceae_g__Paracoccus_s__Paracoccus_laeviglucosivorans,RS_GCF_900182695.1,Contemporaneous,1.0,0.0
_p42,RS_GCF_900313035.1,Transfer,1.0,1.0
_p43,_h288,Cospeciation,1.0,1.0
p__Proteobacteria_c__Alphaproteobacteria_o__Rhodobacterales_f__Rhodobacteraceae_g__Paracoccus_s__Paracoccus_marinus_A,RS_GCF_003007735.2,Contemporaneous,1.0,0.0
p__Proteobacteria_c__Alphaproteobacteria_o__Rhodobacterales_f__Rhodobacteraceae_g__Paracoccus_s__Paracoccus_sp003591515,RS_GCF_003591515.1,Contemporaneous,1.0,0.0
p__Proteobacteria_c__Alphaproteobacteria_o__Rhodobacterales_f__Rhodobacteraceae_g__Ruegeria_s__Ruegeria_sp900313035,RS_GCF_900313035.1,Contemporaneous,1.0,0.0
_p38,RS_GCF_011045115.1,Transfer,0.9848942598187311,0.49244712990936557
_p39,RS_GCF_003668555.1,Transfer,0.5075528700906344,0.5075528700906344
p__Proteobacteria_c__Alphaproteobacteria_o__Rhizobiales_f__Xanthobacteraceae_g__Blastochloris_s__Blastochloris_viridis,RS_GCF_001402875.1,Contemporaneous,1.0,0.0
p__Proteobacteria_c__Alphaproteobacteria_o__Rhizobiales_f__Rhizobiaceae_g__Notoacmeibacter_s__Notoacmeibacter_ruber,RS_GCF_003668555.1,Contemporaneous,1.0,0.0
p__Proteobacteria_c__Alphaproteobacteria_o__Rhizobiales_f__Rhizobiaceae_g__Pseudaminobacter_s__Pseudaminobacter_zhangyensis,RS_GCF_011045115.1,Contemporaneous,1.0,0.0
_p22,61.0_g__Ancylobacter,Cospeciation,1.0,1.0
p__Proteobacteria_c__Alphaproteobacteria_o__Rhizobiales_f__Xanthobacteraceae_g__Ancylobacter_s__Ancylobacter_sp000378025,GB_GCA_000378025.1,Contemporaneous,1.0,0.0
p__Proteobacteria_c__Alphaproteobacteria_o__Rhizobiales_f__Xanthobacteraceae_g__Ancylobacter_s__Ancylobacter_sp009223885,RS_GCF_009223885.1,Contemporaneous,1.0,0.0
p__Gemmatimonadota_c__Gemmatimonadetes_o__Gemmatimonadales_f__Gemmatimonadaceae_g__Gemmatimonas_s__Gemmatimonas_aurantiaca,RS_GCF_000010305.1,Contemporaneous,1.0,0.0
_p16,_h81,Cospeciation,1.0,1.0
p__Actinobacteriota_c__Actinomycetia_o__Mycobacteriales_f__Mycobacteriaceae_g__Gordonia_s__Gordonia_spumicola,RS_GCF_009932475.1,Contemporaneous,1.0,0.0
p__Actinobacteriota_c__Actinomycetia_o__Mycobacteriales_f__Mycobacteriaceae_g__Gordonia_s__Gordonia_humi,RS_GCF_014197435.1,Contemporaneous,1.0,0.0
_p53,_h80,Transfer,0.6521739130434783,0.32608695652173914
_p54,GB_GCA_017991555.1,Transfer,0.5,0.5
_p55,_h32,Cospeciation,1.0,1.0
p__Actinobacteriota_c__Actinomycetia_o__Actinomycetales_f__Micrococcaceae_g__Specibacter_s__Specibacter_stackebrandtii,RS_GCF_017876675.1,Contemporaneous,1.0,0.0
p__Actinobacteriota_c__Actinomycetia_o__Actinomycetales_f__Micrococcaceae_g__Specibacter_s__Specibacter_glacialis,RS_GCF_002909445.1,Contemporaneous,1.0,0.0
p__Proteobacteria_c__Gammaproteobacteria_o__Burkholderiales_f__Neisseriaceae_g__JAGNPU01_s__JAGNPU01_sp017991555,GB_GCA_017991555.1,Contemporaneous,1.0,0.0
_p56,_h80,Transfer,0.6521739130434783,0.16304347826086957
_p57,RS_GCF_007558825.1,Transfer,0.5108695652173914,0.11352657004830918
_p59,RS_GCF_002797495.1,Transfer,0.2222222222222222,0.1111111111111111
_p60,RS_GCF_000270245.1,Transfer,0.3333333333333333,0.3333333333333333
_p61,_h137,Cospeciation,0.7777777777777778,0.7777777777777778
_p62,RS_GCF_006494775.1,Transfer,0.7777777777777778,0.3888888888888889
_p65,RS_GCF_001046855.1,Transfer,0.4444444444444444,0.2222222222222222
_p66,GB_GCA_013693815.1,Transfer,0.5555555555555556,0.5555555555555556
p__Actinobacteriota_c__Actinomycetia_o__Actinomycetales_f__Cellulomonadaceae_g__Xylanimonas_s__Xylanimonas_sp004135385,RS_GCF_004135385.1,Contemporaneous,1.0,0.0
p__Actinobacteriota_c__Actinomycetia_o__Propionibacteriales_f__Nocardioidaceae_g__SSC3_s__SSC3_sp013693815,GB_GCA_013693815.1,Contemporaneous,1.0,0.0
p__Actinobacteriota_c__Actinomycetia_o__Actinomycetales_f__Dermatophilaceae_g__Tetrasphaera_s__Tetrasphaera_japonica,RS_GCF_001046855.1,Contemporaneous,1.0,0.0
_p63,RS_GCF_006494775.1,Transfer,0.8055555555555556,0.8055555555555556
p__Actinobacteriota_c__Actinomycetia_o__Actinomycetales_f__Cellulomonadaceae_g__Cellulomonas_s__Cellulomonas_sp000708885,RS_GCF_000708885.1,Contemporaneous,1.0,0.0
_p64,RS_GCF_006494775.1,Transfer,0.8333333333333334,0.8333333333333334
p__Actinobacteriota_c__Actinomycetia_o__Propionibacteriales_f__Nocardioidaceae_g__Aeromicrobium_s__Aeromicrobium_phoceense,RS_GCF_013868155.1,Contemporaneous,1.0,0.0
p__Actinobacteriota_c__Actinomycetia_o__Propionibacteriales_f__Nocardioidaceae_g__Nocardioides_s__Nocardioides_humi,RS_GCF_006494775.1,Contemporaneous,1.0,0.0
p__Actinobacteriota_c__Actinomycetia_o__Propionibacteriales_f__Nocardioidaceae_g__Nocardioides_s__Nocardioides_sp009557055,RS_GCF_009557055.1,Contemporaneous,1.0,0.0
p__Actinobacteriota_c__Actinomycetia_o__Propionibacteriales_f__Propionibacteriaceae_g__Microlunatus_s__Microlunatus_phosphovorus,RS_GCF_000270245.1,Contemporaneous,1.0,0.0
p__Actinobacteriota_c__Actinomycetia_o__Propionibacteriales_f__Nocardioidaceae_g__Mumia_s__Mumia_flava,RS_GCF_002797495.1,Contemporaneous,1.0,0.0
_p58,RS_GCF_007558825.1,Transfer,0.6739130434782609,0.6739130434782609
p__Actinobacteriota_c__Actinomycetia_o__Mycobacteriales_f__Nakamurellaceae_g__Nakamurella_s__Nakamurella_sp016918035,RS_GCF_016918035.1,Contemporaneous,1.0,0.0
p__Actinobacteriota_c__Actinomycetia_o__Actinomycetales_f__Brevibacteriaceae_g__Brevibacterium_s__Brevibacterium_aurantiacum_A,RS_GCF_007558825.1,Contemporaneous,1.0,0.0
_p67,_h80,Transfer,0.691699604743083,0.691699604743083
p__Actinobacteriota_c__Actinomycetia_o__Streptosporangiales_f__Streptosporangiaceae_g__Nocardiopsis_s__Nocardiopsis_dassonvillei,RS_GCF_000092985.1,Contemporaneous,1.0,0.0
_p68,_h80,Transfer,0.7312252964426877,0.7312252964426877
_p69,_h98,Cospeciation,1.0,1.0
_p70,_h100,Transfer,1.0,0.5
_p71,RS_GCF_016342265.1,Transfer,0.5,0.5
p__Actinobacteriota_c__Actinomycetia_o__Mycobacteriales_f__Mycobacteriaceae_g__Corynebacterium_s__Corynebacterium_sphenisci,RS_GCF_001941505.1,Contemporaneous,1.0,0.0
p__Actinobacteriota_c__Actinomycetia_o__Mycobacteriales_f__Mycobacteriaceae_g__Corynebacterium_s__Corynebacterium_sp016342265,RS_GCF_016342265.1,Contemporaneous,1.0,0.0
_p72,_h100,Cospeciation,1.0,1.0
_p73,RS_GCF_001941565.1,Transfer,1.0,1.0
p__Actinobacteriota_c__Actinomycetia_o__Mycobacteriales_f__Mycobacteriaceae_g__Corynebacterium_s__Corynebacterium_matruchotii,RS_GCF_011612265.2,Contemporaneous,1.0,0.0
p__Actinobacteriota_c__Actinomycetia_o__Mycobacteriales_f__Mycobacteriaceae_g__Corynebacterium_s__Corynebacterium_phocae,RS_GCF_001941565.1,Contemporaneous,1.0,0.0
p__Actinobacteriota_c__Actinomycetia_o__Mycobacteriales_f__Mycobacteriaceae_g__Corynebacterium_s__Corynebacterium_propinquum,RS_GCF_000375525.1,Contemporaneous,1.0,0.0
p__Actinobacteriota_c__Actinomycetia_o__Mycobacteriales_f__Mycobacteriaceae_g__Corynebacterium_s__Corynebacterium_geronticis,_h99,Loss,1.0,1.0
p__Actinobacteriota_c__Actinomycetia_o__Mycobacteriales_f__Mycobacteriaceae_g__Corynebacterium_s__Corynebacterium_geronticis,RS_GCF_003813985.1,Contemporaneous,1.0,0.0
_p74,_h80,Transfer,0.8102766798418972,0.3241106719367589
_p76,_h94,Transfer,0.38735177865612647,0.24209486166007904
_p82,_h85,Cospeciation,0.4841897233201581,0.4841897233201581
_p83,RS_GCF_000341795.1,Transfer,0.4841897233201581,0.24209486166007904
_p85,_h88,Transfer,0.5484189723320159,0.5484189723320159
p__Actinobacteriota_c__Actinomycetia_o__Actinomycetales_f__Micrococcaceae_g__Kocuria_s__Kocuria_varians,RS_GCF_006539885.1,Contemporaneous,1.0,0.0
_p86,_h88,Cospeciation,1.0,1.0
p__Actinobacteriota_c__Actinomycetia_o__Mycobacteriales_f__Mycobacteriaceae_g__Rhodococcus_s__Rhodococcus_sp002245895,RS_GCF_002245895.1,Contemporaneous,1.0,0.0
p__Actinobacteriota_c__Actinomycetia_o__Mycobacteriales_f__Mycobacteriaceae_g__Rhodococcus_s__Rhodococcus_erythropolis_D,RS_GCF_016598535.1,Contemporaneous,1.0,0.0
_p84,RS_GCF_000341795.1,Transfer,0.7420948616600791,0.7420948616600791
p__Actinobacteriota_c__Actinomycetia_o__Streptomycetales_f__Streptomycetaceae_g__Streptomyces_s__Streptomyces_sp007176755,RS_GCF_007176755.1,Contemporaneous,1.0,0.0
p__Actinobacteriota_c__Actinomycetia_o__Mycobacteriales_f__Mycobacteriaceae_g__Rhodococcus_s__Rhodococcus_triatomae_A,RS_GCF_000341795.1,Contemporaneous,1.0,0.0
_p87,_h86,Transfer,0.4841897233201581,0.09683794466403162
_p90,_h89,Transfer,0.5158102766798419,0.5158102766798419
_p91,100.0_g__Hoyosella,Cospeciation,1.0,1.0
p__Actinobacteriota_c__Actinomycetia_o__Mycobacteriales_f__Mycobacteriaceae_g__Hoyosella_s__Hoyosella_rhizosphaerae,RS_GCF_014643175.1,Contemporaneous,1.0,0.0
p__Actinobacteriota_c__Actinomycetia_o__Mycobacteriales_f__Mycobacteriaceae_g__Hoyosella_s__Hoyosella_subflava,RS_GCF_000214175.1,Contemporaneous,1.0,0.0
_p92,_h89,Transfer,0.6126482213438735,0.6126482213438735
p__Actinobacteriota_c__Actinomycetia_o__Mycobacteriales_f__Mycobacteriaceae_g__Rhodococcus_s__Rhodococcus_opacus_C,RS_GCF_000010805.1,Contemporaneous,1.0,0.0
_p93,_h89,Cospeciation,1.0,1.0
p__Actinobacteriota_c__Actinomycetia_o__Mycobacteriales_f__Mycobacteriaceae_g__Rhodococcus_s__Rhodococcus_zopfii,RS_GCF_001895025.1,Contemporaneous,1.0,0.0
_p94,_h90,Cospeciation,1.0,1.0
p__Actinobacteriota_c__Actinomycetia_o__Mycobacteriales_f__Mycobacteriaceae_g__Rhodococcus_s__Rhodococcus_sp012726195,RS_GCF_012726195.1,Contemporaneous,1.0,0.0
p__Actinobacteriota_c__Actinomycetia_o__Mycobacteriales_f__Mycobacteriaceae_g__Rhodococcus_s__Rhodococcus_sp012729135,GB_GCA_012729135.1,Contemporaneous,1.0,0.0
_p88,_h86,Cospeciation,1.0,1.0
_p89,RS_GCF_005484805.1,Transfer,1.0,1.0
p__Actinobacteriota_c__Actinomycetia_o__Mycobacteriales_f__Mycobacteriaceae_g__Millisia_s__Millisia_brevis,RS_GCF_001552615.1,Contemporaneous,1.0,0.0
p__Actinobacteriota_c__Actinomycetia_o__Mycobacteriales_f__Mycobacteriaceae_g__Rhodococcus_s__Rhodococcus_sp005484805,RS_GCF_005484805.1,Contemporaneous,1.0,0.0
p__Actinobacteriota_c__Actinomycetia_o__Mycobacteriales_f__Mycobacteriaceae_g__Rhodococcus_s__Rhodococcus_defluvii,RS_GCF_000738775.1,Contemporaneous,1.0,0.0
_p77,_h94,Cospeciation,0.8873517786561265,0.8873517786561265
_p78,RS_GCF_013744875.1,Transfer,0.8873517786561265,0.44367588932806323
_p79,_h91,Transfer,0.5,0.5
p__Actinobacteriota_c__Actinomycetia_o__Mycobacteriales_f__Mycobacteriaceae_g__Nocardia_s__Nocardia_otitidiscaviarum,RS_GCF_000308635.1,Contemporaneous,1.0,0.0
_p80,_h91,Cospeciation,1.0,1.0
p__Actinobacteriota_c__Actinomycetia_o__Mycobacteriales_f__Mycobacteriaceae_g__Nocardia_s__Nocardia_alba,RS_GCF_001612665.1,Contemporaneous,1.0,0.0
_p81,_h92,Cospeciation,1.0,1.0
p__Actinobacteriota_c__Actinomycetia_o__Mycobacteriales_f__Mycobacteriaceae_g__Nocardia_s__Nocardia_sienata,RS_GCF_001613205.1,Contemporaneous,1.0,0.0
p__Actinobacteriota_c__Actinomycetia_o__Mycobacteriales_f__Mycobacteriaceae_g__Nocardia_s__Nocardia_carnea,RS_GCF_000308515.1,Contemporaneous,1.0,0.0
p__Actinobacteriota_c__Actinomycetia_o__Mycobacteriales_f__Mycobacteriaceae_g__Nocardia_s__Nocardia_sp013744875,RS_GCF_013744875.1,Contemporaneous,1.0,0.0
p__Actinobacteriota_c__Actinomycetia_o__Mycobacteriales_f__Mycobacteriaceae_g__Nocardia_s__Nocardia_inohanensis,RS_GCF_001612945.1,Contemporaneous,1.0,0.0
_p75,_h80,Cospeciation,1.0,1.0
p__Actinobacteriota_c__Actinomycetia_o__Mycobacteriales_f__Mycobacteriaceae_g__Tsukamurella_s__Tsukamurella_tyrosinosolvens,RS_GCF_900104775.1,Contemporaneous,1.0,0.0
p__Actinobacteriota_c__Actinomycetia_o__Mycobacteriales_f__Mycobacteriaceae_g__Tsukamurella_s__Tsukamurella_paurometabola,RS_GCF_000092225.1,Contemporaneous,1.0,0.0
_p1,_h27,Cospeciation,0.782608695652174,0.782608695652174
_p2,_h33,Loss,0.782608695652174,0.391304347826087
_p2,RS_GCF_000422745.1,Transfer,0.6086956521739131,0.6086956521739131
p__Actinobacteriota_c__Actinomycetia_o__Mycobacteriales_f__Mycobacteriaceae_g__Corynebacterium_s__Corynebacterium_sp002994655,RS_GCF_002994655.1,Contemporaneous,1.0,0.0
p__Actinobacteriota_c__Actinomycetia_o__Actinomycetales_f__Microbacteriaceae_g__Microbacterium_s__Microbacterium_gubbeenense,RS_GCF_000422745.1,Contemporaneous,1.0,0.0
_p3,100.0_f__Micrococcaceae,Transfer,0.782608695652174,0.782608695652174
_p4,_h36,Cospeciation,0.782608695652174,0.782608695652174
_p5,_h39,Transfer,0.782608695652174,0.391304347826087
p__Actinobacteriota_c__Actinomycetia_o__Actinomycetales_f__Microbacteriaceae_g__Microterricola_s__Microterricola_sp000799285,RS_GCF_000799285.1,Contemporaneous,1.0,0.0
p__Actinobacteriota_c__Actinomycetia_o__Actinomycetales_f__Cellulomonadaceae_g__Cellulomonas_s__Cellulomonas_sp001424195,_h39,Loss,0.391304347826087,0.391304347826087
p__Actinobacteriota_c__Actinomycetia_o__Actinomycetales_f__Cellulomonadaceae_g__Cellulomonas_s__Cellulomonas_sp001424195,RS_GCF_001424195.1,Contemporaneous,1.0,0.0
_p6,_h37,Cospeciation,1.0,1.0
p__Actinobacteriota_c__Actinomycetia_o__Actinomycetales_f__Cellulomonadaceae_g__Oerskovia_s__Oerskovia_sp005937995,RS_GCF_005937995.2,Contemporaneous,1.0,0.0
p__Actinobacteriota_c__Actinomycetia_o__Actinomycetales_f__Cellulomonadaceae_g__Cellulosimicrobium_s__Cellulosimicrobium_sp009708005,_h38,Loss,1.0,1.0
p__Actinobacteriota_c__Actinomycetia_o__Actinomycetales_f__Cellulomonadaceae_g__Cellulosimicrobium_s__Cellulosimicrobium_sp009708005,RS_GCF_009708005.2,Contemporaneous,1.0,0.0
_p7,100.0_f__Micrococcaceae,Cospeciation,0.782608695652174,0.782608695652174
_p8,_h30,Loss,0.782608695652174,0.782608695652174
_p8,_h31,Cospeciation,1.0,1.0
p__Actinobacteriota_c__Actinomycetia_o__Actinomycetales_f__Micrococcaceae_g__Glutamicibacter_s__Glutamicibacter_uratoxydans,RS_GCF_006539925.1,Contemporaneous,1.0,0.0
p__Actinobacteriota_c__Actinomycetia_o__Actinomycetales_f__Micrococcaceae_g__Glutamicibacter_s__Glutamicibacter_arilaitensis,RS_GCF_000197735.1,Contemporaneous,1.0,0.0
_p9,_h28,Loss,0.782608695652174,0.782608695652174
_p9,100.0_g__Rothia,Cospeciation,0.782608695652174,0.782608695652174
_p10,_h29,Cospeciation,1.0,1.0
p__Actinobacteriota_c__Actinomycetia_o__Actinomycetales_f__Micrococcaceae_g__Rothia_s__Rothia_avicola,GB_GCA_019115985.1,Contemporaneous,1.0,0.0
p__Actinobacteriota_c__Actinomycetia_o__Actinomycetales_f__Micrococcaceae_g__Rothia_s__Rothia_nasimurium_A,RS_GCF_002087015.1,Contemporaneous,1.0,0.0
_p11,RS_GCF_013394385.1,Transfer,0.782608695652174,0.782608695652174
p__Actinobacteriota_c__Actinomycetia_o__Actinomycetales_f__Microbacteriaceae_g__Mycetocola_B_s__Mycetocola_B_reblochoni,RS_GCF_900163835.1,Contemporaneous,1.0,0.0
_p12,RS_GCF_013394385.1,Transfer,0.8913043478260869,0.8913043478260869
p__Actinobacteriota_c__Actinomycetia_o__Actinomycetales_f__Actinomycetaceae_g__Actinomyces_s__Actinomyces_wuliandei,RS_GCF_004010955.1,Contemporaneous,1.0,0.0
p__Actinobacteriota_c__Actinomycetia_o__Actinomycetales_f__Micrococcaceae_g__Rothia_s__Rothia_sp004136585,RS_GCF_013394385.1,Contemporaneous,1.0,0.0
