_p0,_h22,Transfer,0.5,0.5
s__Bacillus_safensis,RS_GCF_000691165.1,Contemporaneous,1.0,0.0
_p1,_h22,Cospeciation,1.0,1.0
_p2,RS_GCF_900107305.1,Transfer,1.0,1.0
s__Neobacillus_thermocopriae,RS_GCF_010975035.1,Contemporaneous,1.0,0.0
s__Baia_sp900107305,RS_GCF_900107305.1,Contemporaneous,1.0,0.0
_p3,RS_GCF_900182565.1,Transfer,1.0,1.0
_p7,_h13,Cospeciation,1.0,1.0
_p10,_h16,Transfer,1.0,0.6666666666666666
_p14,100.0_f__Paenibacillaceae,Cospeciation,1.0,1.0
_p18,RS_GCF_011947265.1,Transfer,1.0,0.6666666666666666
_p19,_h310,Cospeciation,0.6666666666666666,0.6666666666666666
_p20,70.0_c__Polyangia,Loss,0.6666666666666666,0.3333333333333333
_p20,100.0_o__Polyangiales,Loss,0.3333333333333333,0.3333333333333333
_p20,_h316,Cospeciation,0.6666666666666666,0.6666666666666666
_p21,100.0_g__Sorangium,Cospeciation,1.0,1.0
s__Sorangium_cellulosum_B,RS_GCF_000067165.1,Contemporaneous,1.0,0.0
s__Sorangium_cellulosum_F,RS_GCF_004135735.1,Contemporaneous,1.0,0.0
_p22,_h317,Transfer,0.6666666666666666,0.6666666666666666
s__Haliangium_ochraceum,RS_GCF_000024805.1,Contemporaneous,1.0,0.0
_p23,_h317,Cospeciation,1.0,1.0
s__Polyangium_spumosum,RS_GCF_009649845.1,Contemporaneous,1.0,0.0
s__Polyangium_fumosum,RS_GCF_005144585.1,Contemporaneous,1.0,0.0
_p24,_h311,Transfer,0.6666666666666666,0.25
_p30,_h64,Transfer,0.5,0.1875
_p31,_h243,Transfer,0.375,0.1875
_p32,RS_GCF_000576635.1,Transfer,0.5,0.5
s__Herpetosiphon_aurantiacus,GB_GCA_000018565.1,Contemporaneous,1.0,0.0
s__Skermanella_stibiiresistens,RS_GCF_000576635.1,Contemporaneous,1.0,0.0
_p33,_h243,Cospeciation,0.75,0.75
_p34,GB_GCA_016716085.1,Transfer,0.75,0.32142857142857145
_p36,_h150,Cospeciation,0.5357142857142857,0.5357142857142857
_p37,_h155,Loss,0.5357142857142857,0.26785714285714285
_p37,_h160,Transfer,0.26785714285714285,0.08928571428571429
_p39,_h265,Transfer,0.5,0.5
s__Azotobacter_vinelandii,RS_GCF_000380335.1,Contemporaneous,1.0,0.0
_p40,_h265,Cospeciation,1.0,1.0
s__Lysobacter_capsici_A,RS_GCF_018732085.1,Contemporaneous,1.0,0.0
s__Lysobacter_capsici,RS_GCF_014779555.1,Contemporaneous,1.0,0.0
_p38,_h160,Loss,0.35714285714285715,0.17857142857142858
_p38,GB_GCA_013822685.1,Transfer,0.48214285714285715,0.48214285714285715
s__Chitinimonas_koreensis,RS_GCF_000428465.1,Contemporaneous,1.0,0.0
s__Aquabacterium_sp013822685,GB_GCA_013822685.1,Contemporaneous,1.0,0.0
s__Derxia_gummosa,_h151,Loss,0.5357142857142857,0.5357142857142857
s__Derxia_gummosa,RS_GCF_000482785.1,Contemporaneous,1.0,0.0
_p35,GB_GCA_016716085.1,Transfer,0.875,0.875
s__Ketobacter_sp003671495,GB_GCA_003671495.1,Contemporaneous,1.0,0.0
s__JADJWY01_sp016716085,GB_GCA_016716085.1,Contemporaneous,1.0,0.0
_p41,RS_GCF_000012985.1,Transfer,0.75,0.375
_p46,_h156,Transfer,0.5,0.5
s__AK92_sp003399765,RS_GCF_003399765.1,Contemporaneous,1.0,0.0
_p47,_h156,Cospeciation,1.0,1.0
s__Hydromonas_cinctiostellae,RS_GCF_003339525.1,Contemporaneous,1.0,0.0
_p48,_h157,Transfer,1.0,1.0
s__Phormidesmis_sp000155595,RS_GCF_000155595.1,Contemporaneous,1.0,0.0
_p49,_h157,Transfer,1.0,0.9692307692307692
_p54,_h163,Cospeciation,0.9692307692307692,0.9692307692307692
_p55,_h223,Cospeciation,0.9692307692307692,0.9692307692307692
_p62,_h244,Loss,0.9692307692307692,0.5192307692307693
_p62,_h245,Transfer,0.5192307692307693,0.31153846153846154
_p63,_h185,Cospeciation,1.0,1.0
_p64,_h191,Transfer,1.0,0.6666666666666666
s__Corallincola_luteus,RS_GCF_004336975.1,Contemporaneous,1.0,0.0
_p65,_h191,Loss,0.6666666666666666,0.3333333333333333
_p65,_h192,Transfer,0.6666666666666666,0.6666666666666666
s__Pseudoalteromonas_sp002276045,RS_GCF_002276045.1,Contemporaneous,1.0,0.0
_p66,_h192,Cospeciation,1.0,1.0
s__Vibrio_sagamiensis,RS_GCF_007990935.1,Contemporaneous,1.0,0.0
_p67,_h193,Cospeciation,1.0,1.0
s__Vibrio_natriegens,_h194,Loss,1.0,1.0
s__Vibrio_natriegens,RS_GCF_000417905.1,Contemporaneous,1.0,0.0
s__Vibrio_jasicida,RS_GCF_000400365.1,Contemporaneous,1.0,0.0
_p68,_h186,Transfer,1.0,1.0
s__Enterovibrio_sp004116385,RS_GCF_004116385.1,Contemporaneous,1.0,0.0
_p69,_h186,Transfer,1.0,1.0
_p70,RS_GCF_000354175.2,Transfer,1.0,1.0
s__Vibrio_metschnikovii,RS_GCF_000176155.1,Contemporaneous,1.0,0.0
s__Vibrio_alginolyticus,RS_GCF_000354175.2,Contemporaneous,1.0,0.0
_p71,_h186,Cospeciation,1.0,1.0
_p73,_h189,Cospeciation,1.0,1.0
_p74,RS_GCF_000176175.1,Transfer,1.0,1.0
s__Vibrio_vulnificus,RS_GCF_002224265.1,Contemporaneous,1.0,0.0
s__Vibrio_furnissii,RS_GCF_000176175.1,Contemporaneous,1.0,0.0
_p75,_h190,Transfer,1.0,0.3333333333333333
_p76,RS_GCF_002933855.1,Transfer,0.5,0.5
s__Vibrio_splendidus_J,RS_GCF_002873455.1,Contemporaneous,1.0,0.0
s__Vibrio_penaeicida_A,RS_GCF_002933855.1,Contemporaneous,1.0,0.0
_p77,_h190,Loss,0.6666666666666666,0.3333333333333333
_p77,RS_GCF_001471585.2,Transfer,0.6666666666666666,0.6666666666666666
s__Psychromonas_sp002835995,RS_GCF_002835995.1,Contemporaneous,1.0,0.0
s__Vibrio_cholerae,RS_GCF_001471585.2,Contemporaneous,1.0,0.0
_p72,_h187,Cospeciation,1.0,1.0
s__Vibrio_tritonius,RS_GCF_001547935.1,Contemporaneous,1.0,0.0
s__Vibrio_viridaestus,_h188,Loss,1.0,1.0
s__Vibrio_viridaestus,RS_GCF_003856525.1,Contemporaneous,1.0,0.0
_p78,_h245,Loss,0.6230769230769231,0.34615384615384615
_p78,_h246,Transfer,0.5192307692307693,0.2076923076923077
_p79,_h10,Transfer,0.5,0.5
s__Anaerocolumna_xylanovorans,RS_GCF_900143645.1,Contemporaneous,1.0,0.0
_p80,_h10,Cospeciation,1.0,1.0
s__Rummeliibacillus_suwonensis,RS_GCF_007896435.1,Contemporaneous,1.0,0.0
s__Kurthia_massiliensis,RS_GCF_000285555.1,Contemporaneous,1.0,0.0
_p81,_h246,Cospeciation,0.8307692307692308,0.31153846153846154
_p82,GB_GCA_004173455.1,Transfer,0.31153846153846154,0.31153846153846154
_p83,_h247,Cospeciation,1.0,1.0
s__Acinetobacter_apis,_h259,Loss,1.0,1.0
s__Acinetobacter_apis,RS_GCF_900197575.1,Contemporaneous,1.0,0.0
_p84,_h248,Cospeciation,1.0,1.0
_p85,_h258,Loss,1.0,0.5
_p85,RS_GCF_000196795.1,Transfer,0.5,0.5
s__Snodgrassella_alvi,RS_GCF_000600005.1,Contemporaneous,1.0,0.0
s__Acinetobacter_oleivorans,RS_GCF_000196795.1,Contemporaneous,1.0,0.0
s__Acinetobacter_gerneri,_h249,Loss,1.0,1.0
s__Acinetobacter_gerneri,_h250,Loss,1.0,1.0
s__Acinetobacter_gerneri,RS_GCF_000368565.1,Contemporaneous,1.0,0.0
s__Alkanindiges_sp004173455,GB_GCA_004173455.1,Contemporaneous,1.0,0.0
_p86,100.0_g__Acinetobacter,Loss,0.6230769230769231,0.4153846153846154
_p86,_h260,Transfer,0.7923076923076923,0.39615384615384613
_p87,_h251,Cospeciation,1.0,1.0
_p90,_h256,Transfer,1.0,1.0
_p91,_h254,Cospeciation,1.0,1.0
s__Acinetobacter_bouvetii,_h255,Loss,1.0,1.0
s__Acinetobacter_bouvetii,RS_GCF_000368865.1,Contemporaneous,1.0,0.0
s__Acinetobacter_pragensis,RS_GCF_001605895.1,Contemporaneous,1.0,0.0
_p92,_h256,Transfer,1.0,1.0
s__Acinetobacter_sp002135435,RS_GCF_002135435.1,Contemporaneous,1.0,0.0
_p93,_h256,Cospeciation,1.0,1.0
s__Acinetobacter_piscicola_A,RS_GCF_015218165.1,Contemporaneous,1.0,0.0
s__Acinetobacter_sp003268395,RS_GCF_003268395.1,Contemporaneous,1.0,0.0
_p88,_h252,Cospeciation,1.0,1.0
_p89,_h253,Transfer,1.0,0.5
s__Acinetobacter_larvae,RS_GCF_001704115.1,Contemporaneous,1.0,0.0
s__Acinetobacter_sp001696615,_h253,Loss,0.5,0.5
s__Acinetobacter_sp001696615,RS_GCF_001696615.3,Contemporaneous,1.0,0.0
s__Acinetobacter_chinensis,RS_GCF_002165375.2,Contemporaneous,1.0,0.0
s__Acinetobacter_puyangensis,_h260,Loss,0.6038461538461538,0.6038461538461538
s__Acinetobacter_puyangensis,RS_GCF_900096995.1,Contemporaneous,1.0,0.0
_p56,_h224,Loss,0.9692307692307692,0.6461538461538462
_p56,100.0_f__Cellvibrionaceae,Transfer,0.6461538461538462,0.3230769230769231
s__Zooshikella_sp018837975,RS_GCF_018837975.1,Contemporaneous,1.0,0.0
_p57,100.0_f__Cellvibrionaceae,Loss,0.6461538461538462,0.6461538461538462
_p57,_h225,Cospeciation,1.0,1.0
_p58,RS_GCF_000953825.1,Transfer,1.0,0.5
_p59,GB_GCA_000814665.1,Transfer,0.5,0.5
s__Pseudoalteromonas_denitrificans,RS_GCF_900112265.1,Contemporaneous,1.0,0.0
s__Pseudoalteromonas_elyakovii,GB_GCA_000814665.1,Contemporaneous,1.0,0.0
s__Cellvibrio_sp000953825,RS_GCF_000953825.1,Contemporaneous,1.0,0.0
_p60,_h226,Cospeciation,1.0,1.0
_p61,RS_GCF_000013665.1,Transfer,1.0,1.0
s__41T-STBD-0c-01a_sp002009425,GB_GCA_002009425.1,Contemporaneous,1.0,0.0
s__Saccharophagus_degradans,RS_GCF_000013665.1,Contemporaneous,1.0,0.0
s__Teredinibacter_franksiae,_h227,Loss,1.0,1.0
s__Teredinibacter_franksiae,_h228,Loss,1.0,1.0
s__Teredinibacter_franksiae,RS_GCF_014218805.1,Contemporaneous,1.0,0.0
_p94,26.0_o__Enterobacterales,Cospeciation,0.9692307692307692,0.9692307692307692
_p95,_h164,Transfer,0.9692307692307692,0.9692307692307692
_p96,100.0_g__Acinetobacter,Transfer,1.0,1.0
s__Pseudoalteromonas_arctica_A,RS_GCF_012927645.1,Contemporaneous,1.0,0.0
_p97,100.0_g__Acinetobacter,Cospeciation,1.0,1.0
_p98,_h260,Loss,1.0,0.5
_p98,RS_GCF_008693185.1,Transfer,0.5,0.5
s__Psychrobacter_sp001435295,RS_GCF_001435295.1,Contemporaneous,1.0,0.0
s__Acinetobacter_qingfengensis,RS_GCF_008693185.1,Contemporaneous,1.0,0.0
_p99,_h247,Cospeciation,1.0,1.0
s__Acinetobacter_pollinis,_h259,Loss,1.0,1.0
s__Acinetobacter_pollinis,RS_GCF_015627175.1,Contemporaneous,1.0,0.0
_p100,_h248,Cospeciation,1.0,1.0
s__Acinetobacter_haemolyticus,_h258,Loss,1.0,1.0
s__Acinetobacter_haemolyticus,RS_GCF_000369065.1,Contemporaneous,1.0,0.0
s__Acinetobacter_rudis,_h249,Loss,1.0,1.0
s__Acinetobacter_rudis,_h257,Loss,1.0,1.0
s__Acinetobacter_rudis,RS_GCF_000829675.1,Contemporaneous,1.0,0.0
_p101,_h164,Cospeciation,0.9692307692307692,0.9692307692307692
_p102,_h179,Loss,0.9692307692307692,0.6461538461538462
_p102,_h222,Transfer,0.6461538461538462,0.3230769230769231
s__Chromobacterium_violaceum,RS_GCF_000007705.1,Contemporaneous,1.0,0.0
s__Aeromonas_enteropelogenes,_h222,Loss,0.6461538461538462,0.6461538461538462
s__Aeromonas_enteropelogenes,RS_GCF_000819845.1,Contemporaneous,1.0,0.0
_p103,_h165,Loss,0.9692307692307692,0.9692307692307692
_p103,_h166,Loss,0.9692307692307692,0.9692307692307692
_p103,_h167,Loss,0.9692307692307692,0.9692307692307692
_p103,_h168,Cospeciation,1.0,1.0
_p104,RS_GCF_000281085.1,Transfer,1.0,1.0
s__Oligoflexus_tunisiensis,RS_GCF_001748245.1,Contemporaneous,1.0,0.0
_p105,RS_GCF_000281085.1,Transfer,1.0,1.0
_p106,_h173,Cospeciation,1.0,1.0
s__Pseudoalteromonas_piscicida,_h176,Loss,1.0,1.0
s__Pseudoalteromonas_piscicida,RS_GCF_000238315.3,Contemporaneous,1.0,0.0
_p107,_h174,Cospeciation,1.0,1.0
_p108,RS_GCF_001482385.1,Transfer,1.0,1.0
s__Pseudoalteromonas_citrea,RS_GCF_000238375.3,Contemporaneous,1.0,0.0
s__Pseudoalteromonas_rubra_B,RS_GCF_001482385.1,Contemporaneous,1.0,0.0
_p109,_h175,Cospeciation,1.0,1.0
s__Pseudoalteromonas_luteoviolacea_B,RS_GCF_001625695.1,Contemporaneous,1.0,0.0
s__Pseudoalteromonas_luteoviolacea_A,RS_GCF_001625595.1,Contemporaneous,1.0,0.0
s__Catenovulum_agarivorans,RS_GCF_000281085.1,Contemporaneous,1.0,0.0
_p110,_h169,Transfer,1.0,0.6666666666666666
_p113,_h231,Cospeciation,1.0,1.0
_p116,_h234,Transfer,1.0,0.8
_p117,_h227,Cospeciation,1.0,1.0
_p122,_h228,Transfer,1.0,0.75
_p125,_h166,Cospeciation,1.0,1.0
_p126,_h178,Transfer,1.0,0.75
s__Azomonas_agilis,RS_GCF_007830255.1,Contemporaneous,1.0,0.0
_p127,_h178,Transfer,0.75,0.5
_p132,_h292,Cospeciation,1.0,1.0
_p133,RS_GCF_001999245.1,Transfer,1.0,1.0
s__Labrys_sp008330945,RS_GCF_008330945.1,Contemporaneous,1.0,0.0
s__Roseibium_aggregatum_A,RS_GCF_001999245.1,Contemporaneous,1.0,0.0
_p134,_h293,Transfer,1.0,1.0
s__Azorhizobium_oxalatiphilum,RS_GCF_014635325.1,Contemporaneous,1.0,0.0
_p135,_h293,Cospeciation,1.0,1.0
s__Fulvimarina_manganoxydans,RS_GCF_900176465.1,Contemporaneous,1.0,0.0
_p136,_h294,Loss,1.0,0.6
_p136,_h295,Transfer,0.6,0.3
s__Bosea_sp003952665,RS_GCF_003952665.1,Contemporaneous,1.0,0.0
_p137,_h295,Loss,0.6,0.4
_p137,_h296,Transfer,0.6,0.3
_p138,_h309,Cospeciation,1.0,1.0
s__Brucella_melitensis,RS_GCF_000007125.1,Contemporaneous,1.0,0.0
_p139,RS_GCF_014397025.1,Transfer,1.0,1.0
s__Pseudomonas_E_sp019139675,RS_GCF_019139675.1,Contemporaneous,1.0,0.0
s__Ochrobactrum_A_sp014397025,RS_GCF_014397025.1,Contemporaneous,1.0,0.0
s__Agrobacterium_arsenijevicii,_h296,Loss,0.6,0.6
s__Agrobacterium_arsenijevicii,GB_GCA_000949895.1,Contemporaneous,1.0,0.0
_p128,_h178,Loss,0.5,0.25
_p128,GB_GCA_017425245.1,Transfer,0.75,0.75
_p129,_h241,Cospeciation,1.0,1.0
s__Halomonas_elongata,RS_GCF_000196875.2,Contemporaneous,1.0,0.0
_p130,_h242,Transfer,1.0,1.0
s__Oleiliquidispirillum_nitrogeniifigens,RS_GCF_006980715.1,Contemporaneous,1.0,0.0
_p131,_h242,Cospeciation,1.0,1.0
s__Halomonas_endophytica,RS_GCF_002879615.1,Contemporaneous,1.0,0.0
s__Halomonas_azerbaijanica,GB_GCA_004551485.1,Contemporaneous,1.0,0.0
s__RGIG665_sp017425245,GB_GCA_017425245.1,Contemporaneous,1.0,0.0
s__Shewanella_sp012911865,_h167,Loss,1.0,1.0
s__Shewanella_sp012911865,RS_GCF_012911865.1,Contemporaneous,1.0,0.0
_p123,_h228,Loss,0.75,0.25
_p123,RS_GCF_014217335.1,Transfer,0.5,0.5
s__Pseudomonas_E_sp000497835,GB_GCA_000497835.1,Contemporaneous,1.0,0.0
_p124,RS_GCF_014217335.1,Transfer,0.75,0.75
s__JAGNPU01_sp017991555,GB_GCA_017991555.1,Contemporaneous,1.0,0.0
s__Teredinibacter_purpureus,RS_GCF_014217335.1,Contemporaneous,1.0,0.0
_p118,RS_GCF_000023025.1,Transfer,1.0,1.0
s__Ketobacter_sp003667185,RS_GCF_009746715.1,Contemporaneous,1.0,0.0
_p119,RS_GCF_000023025.1,Transfer,1.0,1.0
_p121,_h153,Cospeciation,1.0,1.0
s__Pseudoduganella_sp900113115,RS_GCF_900113115.1,Contemporaneous,1.0,0.0
s__Pseudoduganella_armeniaca,RS_GCF_003028855.1,Contemporaneous,1.0,0.0
_p120,RS_GCF_000023025.1,Transfer,1.0,1.0
s__Microbulbifer_thermotolerans,RS_GCF_900112305.1,Contemporaneous,1.0,0.0
s__Teredinibacter_turnerae_B,RS_GCF_000023025.1,Contemporaneous,1.0,0.0
_p140,_h234,Transfer,0.8,0.6
_p154,_h206,Cospeciation,1.0,1.0
_p163,_h212,Transfer,1.0,1.0
_p164,_h204,Cospeciation,1.0,1.0
s__Rahnella_sp013457415,GB_GCA_013457415.1,Contemporaneous,1.0,0.0
s__Serratia_liquefaciens,RS_GCF_000422085.1,Contemporaneous,1.0,0.0
_p165,_h212,Cospeciation,1.0,1.0
_p166,_h220,Loss,1.0,1.0
_p166,_h221,Cospeciation,1.0,1.0
s__Pantoea_sp000175935,RS_GCF_000175935.2,Contemporaneous,1.0,0.0
s__Pantoea_sp002434205,GB_GCA_002434205.1,Contemporaneous,1.0,0.0
_p167,_h213,Transfer,1.0,1.0
s__Vibrio_mangrovi,RS_GCF_900184095.1,Contemporaneous,1.0,0.0
_p168,_h213,Cospeciation,1.0,1.0
s__Buttiauxella_sp014189855,RS_GCF_014189855.1,Contemporaneous,1.0,0.0
_p169,_h214,Cospeciation,1.0,1.0
_p170,_h215,Transfer,1.0,1.0
s__Providencia_stuartii_A,GB_GCA_016618195.1,Contemporaneous,1.0,0.0
_p171,_h215,Cospeciation,1.0,1.0
_p174,_h216,Cospeciation,1.0,1.0
_p175,_h218,Loss,1.0,0.5
_p175,_h219,Cospeciation,0.5,0.5
_p176,RS_GCF_018323885.1,Transfer,0.5,0.25
_p177,GB_GCA_000759755.1,Transfer,0.75,0.75
s__Providencia_sneebia,RS_GCF_000314895.2,Contemporaneous,1.0,0.0
s__Citrobacter_werkmanii,GB_GCA_000759755.1,Contemporaneous,1.0,0.0
s__Citrobacter_A_amalonaticus,RS_GCF_018323885.1,Contemporaneous,1.0,0.0
s__Escherichia_fergusonii,RS_GCF_000026225.1,Contemporaneous,1.0,0.0
s__Klebsiella_aerogenes,_h217,Loss,1.0,1.0
s__Klebsiella_aerogenes,RS_GCF_000215745.1,Contemporaneous,1.0,0.0
_p172,GB_GCA_901456055.1,Transfer,1.0,1.0
_p173,100.0_g__Scandinavium,Cospeciation,1.0,1.0
s__Scandinavium_sp002470465,GB_GCA_002470465.1,Contemporaneous,1.0,0.0
s__Scandinavium_sp902706205,GB_GCA_902706205.1,Contemporaneous,1.0,0.0
s__Phytobacter_ursingii,GB_GCA_901456055.1,Contemporaneous,1.0,0.0
s__Jejubacter_sp000302695,GB_GCA_000302695.1,Contemporaneous,1.0,0.0
_p155,_h207,Transfer,1.0,1.0
_p157,_h199,Cospeciation,1.0,1.0
_p159,_h200,Cospeciation,1.0,1.0
s__Xenorhabdus_sp015163665,RS_GCF_015163665.1,Contemporaneous,1.0,0.0
_p160,RS_GCF_000968175.1,Transfer,1.0,1.0
s__Mixta_intestinalis,RS_GCF_009914055.1,Contemporaneous,1.0,0.0
_p161,RS_GCF_000968175.1,Transfer,1.0,0.5
_p162,GB_GCA_000307305.1,Transfer,0.5,0.5
s__Providencia_vermicola_A,RS_GCF_010748935.1,Contemporaneous,1.0,0.0
s__B14_sp000307305,GB_GCA_000307305.1,Contemporaneous,1.0,0.0
s__Xenorhabdus_poinarii,RS_GCF_000968175.1,Contemporaneous,1.0,0.0
_p158,RS_GCF_000517265.1,Transfer,1.0,1.0
s__Affinibrenneria_salicis,RS_GCF_008710095.1,Contemporaneous,1.0,0.0
s__Photorhabdus_khanii,RS_GCF_000517265.1,Contemporaneous,1.0,0.0
_p156,_h207,Cospeciation,1.0,1.0
s__Dickeya_dianthicola,RS_GCF_000365305.1,Contemporaneous,1.0,0.0
s__Brenneria_nigrifluens,_h208,Loss,1.0,1.0
s__Brenneria_nigrifluens,_h209,Loss,1.0,1.0
s__Brenneria_nigrifluens,_h210,Loss,1.0,1.0
s__Brenneria_nigrifluens,RS_GCF_005484965.1,Contemporaneous,1.0,0.0
_p141,_h234,Loss,0.6,0.2
_p141,_h235,Transfer,0.6,0.6
_p144,_h302,Cospeciation,1.0,1.0
_p147,_h303,Transfer,1.0,0.5
_p149,_h209,Transfer,0.5,0.5
_p150,100.0_g__Yersinia,Cospeciation,1.0,1.0
_p151,_h205,Cospeciation,1.0,1.0
s__Yersinia_massiliensis,RS_GCF_000312485.1,Contemporaneous,1.0,0.0
s__Yersinia_rochesterensis,RS_GCF_003600645.1,Contemporaneous,1.0,0.0
s__Yersinia_entomophaga,RS_GCF_001656035.1,Contemporaneous,1.0,0.0
_p152,_h209,Cospeciation,1.0,1.0
_p153,_h210,Loss,1.0,1.0
_p153,_h211,Cospeciation,1.0,1.0
s__Brenneria_goodwinii,RS_GCF_002291445.1,Contemporaneous,1.0,0.0
s__Brenneria_izadpanahii,RS_GCF_017569925.1,Contemporaneous,1.0,0.0
s__Pectobacterium_polaris,RS_GCF_002307355.1,Contemporaneous,1.0,0.0
_p148,_h303,Cospeciation,1.0,1.0
s__Methylocystis_sp015709515,RS_GCF_015709515.1,Contemporaneous,1.0,0.0
s__Methylocystis_sp000304315,RS_GCF_000304315.1,Contemporaneous,1.0,0.0
_p145,RS_GCF_015709455.1,Transfer,1.0,1.0
_p146,100.0_g__Photobacterium,Cospeciation,1.0,1.0
s__Photobacterium_profundum_A,RS_GCF_000196255.1,Contemporaneous,1.0,0.0
s__Photobacterium_halotolerans_A,RS_GCF_000972145.1,Contemporaneous,1.0,0.0
s__Methylosinus_sp015709455,RS_GCF_015709455.1,Contemporaneous,1.0,0.0
_p142,_h235,Transfer,0.8,0.8
s__Aeromonas_hydrophila,RS_GCF_000014805.1,Contemporaneous,1.0,0.0
_p143,_h235,Cospeciation,1.0,1.0
s__Pseudomonas_A_sp004010935,_h239,Loss,1.0,1.0
s__Pseudomonas_A_sp004010935,GB_GCA_004010935.1,Contemporaneous,1.0,0.0
s__Pseudomonas_E_anguilliseptica,_h236,Loss,1.0,1.0
s__Pseudomonas_E_anguilliseptica,_h237,Loss,1.0,1.0
s__Pseudomonas_E_anguilliseptica,RS_GCF_900105355.1,Contemporaneous,1.0,0.0
_p114,_h232,Cospeciation,1.0,1.0
_p115,_h233,Cospeciation,1.0,1.0
s__Marinomonas_sp018336955,RS_GCF_018336955.1,Contemporaneous,1.0,0.0
s__Marinomonas_sp000017285,RS_GCF_000017285.1,Contemporaneous,1.0,0.0
s__Marinomonas_posidonica,RS_GCF_000214215.1,Contemporaneous,1.0,0.0
_p111,_h169,Loss,0.6666666666666666,0.3333333333333333
_p111,GB_GCA_013214175.1,Transfer,0.6666666666666666,0.6666666666666666
_p112,_h307,Cospeciation,1.0,1.0
s__Azospirillum_sp014192915,RS_GCF_014192915.1,Contemporaneous,1.0,0.0
s__Azospirillum_brasilense,RS_GCF_001315015.1,Contemporaneous,1.0,0.0
s__Colwellia_sp013214175,GB_GCA_013214175.1,Contemporaneous,1.0,0.0
s__Aliikangiella_coralliicola,RS_GCF_007004725.1,Contemporaneous,1.0,0.0
_p50,_h157,Transfer,1.0,1.0
s__Halotalea_alkalilenta_A,RS_GCF_001648175.1,Contemporaneous,1.0,0.0
_p51,_h157,Cospeciation,1.0,1.0
_p52,_h159,Cospeciation,1.0,1.0
_p53,RS_GCF_011290505.1,Transfer,1.0,1.0
s__Pusillimonas_B_sp013416395,GB_GCA_013416395.1,Contemporaneous,1.0,0.0
s__Paenalcaligenes_suwonensis,RS_GCF_011290505.1,Contemporaneous,1.0,0.0
s__Alcaligenes_pakistanensis,RS_GCF_014652815.1,Contemporaneous,1.0,0.0
s__Castellaniella_caeni,_h158,Loss,1.0,1.0
s__Castellaniella_caeni,RS_GCF_001592225.1,Contemporaneous,1.0,0.0
_p42,RS_GCF_000012985.1,Transfer,0.75,0.75
_p43,_h154,Cospeciation,1.0,1.0
s__Burkholderia_ambifaria,RS_GCF_000203915.1,Contemporaneous,1.0,0.0
s__Burkholderia_stagnalis,RS_GCF_902830275.1,Contemporaneous,1.0,0.0
_p44,RS_GCF_000012985.1,Transfer,0.75,0.25
_p45,RS_GCF_006496635.1,Transfer,0.4642857142857143,0.4642857142857143
s__Iodobacter_sp000969645,RS_GCF_000969645.2,Contemporaneous,1.0,0.0
s__Azoarcus_sp006496635,RS_GCF_006496635.1,Contemporaneous,1.0,0.0
s__Hahella_chejuensis,RS_GCF_000012985.1,Contemporaneous,1.0,0.0
_p178,_h64,Cospeciation,1.0,1.0
_p179,_h74,Loss,1.0,0.5
_p179,RS_GCF_014645795.1,Transfer,0.5,0.25
_p180,RS_GCF_014253015.1,Transfer,0.5,0.5
s__Nocardia_sp013744875,RS_GCF_013744875.1,Contemporaneous,1.0,0.0
s__Streptomyces_sp014253015,RS_GCF_014253015.1,Contemporaneous,1.0,0.0
s__Longimycelium_tulufanense,RS_GCF_014645795.1,Contemporaneous,1.0,0.0
_p181,_h65,Transfer,1.0,1.0
_p248,_h77,Cospeciation,1.0,1.0
_p249,_h95,Transfer,1.0,0.6666666666666666
_p250,_h47,Cospeciation,1.0,1.0
_p251,_h50,Transfer,1.0,1.0
s__Motilibacter_A_aurantiacus,RS_GCF_011250645.1,Contemporaneous,1.0,0.0
_p252,_h50,Cospeciation,1.0,1.0
s__Nonomuraea_pusilla,RS_GCF_900109355.1,Contemporaneous,1.0,0.0
_p253,RS_GCF_013761175.1,Transfer,1.0,1.0
s__Streptosporangium_becharense,RS_GCF_014204985.1,Contemporaneous,1.0,0.0
s__Nonomuraea_soli,RS_GCF_013761175.1,Contemporaneous,1.0,0.0
_p254,_h48,Transfer,1.0,0.2222222222222222
_p255,RS_GCF_014764405.1,Transfer,0.3333333333333333,0.3333333333333333
s__Pilimelia_anulata,RS_GCF_014647895.1,Contemporaneous,1.0,0.0
s__Micromonospora_craniellae,RS_GCF_014764405.1,Contemporaneous,1.0,0.0
_p256,_h48,Loss,0.6666666666666666,0.3333333333333333
_p256,_h49,Transfer,0.6666666666666666,0.6666666666666666
_p258,_h75,Cospeciation,1.0,1.0
_p260,GB_GCA_014138725.1,Transfer,1.0,1.0
s__Acrocarpospora_pleiomorpha,RS_GCF_009687885.1,Contemporaneous,1.0,0.0
_p261,GB_GCA_014138725.1,Transfer,1.0,1.0
s__Amycolatopsis_nigrescens,RS_GCF_000384315.1,Contemporaneous,1.0,0.0
s__Kutzneria_viridogrisea,GB_GCA_014138725.1,Contemporaneous,1.0,0.0
_p259,100.0_g__Actinosynnema,Transfer,1.0,0.5
s__Actinokineospora_terrae,RS_GCF_900111175.1,Contemporaneous,1.0,0.0
s__Actinosynnema_espanaense,100.0_g__Actinosynnema,Loss,0.5,0.5
s__Actinosynnema_espanaense,RS_GCF_000328705.1,Contemporaneous,1.0,0.0
_p257,_h49,Cospeciation,1.0,1.0
s__Planobispora_longispora,RS_GCF_016863135.1,Contemporaneous,1.0,0.0
s__Planomonospora_parontospora,GB_GCA_014647935.1,Contemporaneous,1.0,0.0
_p262,_h95,Loss,0.6666666666666666,0.3333333333333333
_p262,RS_GCF_007559025.1,Transfer,0.6666666666666666,0.3333333333333333
_p263,RS_GCF_000010305.1,Transfer,0.5,0.5
_p264,_h294,Cospeciation,1.0,1.0
_p265,_h297,Transfer,1.0,0.8
s__Zavarzinia_compransoris,RS_GCF_003173055.1,Contemporaneous,1.0,0.0
_p266,_h297,Transfer,0.8,0.6
_p267,61.0_g__Ancylobacter,Cospeciation,1.0,1.0
s__Ancylobacter_sp000378025,GB_GCA_000378025.1,Contemporaneous,1.0,0.0
s__Ancylobacter_sp009223885,RS_GCF_009223885.1,Contemporaneous,1.0,0.0
_p268,_h297,Loss,0.6,0.2
_p268,_h298,Transfer,0.6,0.3
_p274,_h262,Cospeciation,0.5,0.5
_p275,GB_GCA_017305055.1,Transfer,0.5,0.5
s__Luteimonas_sp002324875,GB_GCA_002324875.1,Contemporaneous,1.0,0.0
s__Rhodanobacter_sp017305055,GB_GCA_017305055.1,Contemporaneous,1.0,0.0
_p276,_h263,Loss,0.5,0.25
_p276,_h266,Transfer,0.75,0.75
s__Lampropedia_cohaerens,RS_GCF_001005215.1,Contemporaneous,1.0,0.0
_p277,_h266,Cospeciation,1.0,1.0
_p278,_h269,Cospeciation,1.0,1.0
s__Stenotrophomonas_maltophilia_AK,GB_GCA_014171555.1,Contemporaneous,1.0,0.0
s__Stenotrophomonas_maltophilia_F,RS_GCF_000284595.1,Contemporaneous,1.0,0.0
_p279,_h267,Cospeciation,1.0,0.3333333333333333
_p280,RS_GCF_001704155.1,Transfer,0.3333333333333333,0.3333333333333333
s__Stenotrophomonas_rhizophila,RS_GCF_000661955.1,Contemporaneous,1.0,0.0
s__Stenotrophomonas_rhizophila_A,RS_GCF_001704155.1,Contemporaneous,1.0,0.0
s__Stenotrophomonas_maltophilia_AN,_h268,Loss,0.6666666666666666,0.6666666666666666
s__Stenotrophomonas_maltophilia_AN,GB_GCA_002363385.1,Contemporaneous,1.0,0.0
_p269,_h298,Cospeciation,0.8,0.8
s__Pseudaminobacter_arsenicus,RS_GCF_003934165.1,Contemporaneous,1.0,0.0
_p270,RS_GCF_011045115.1,Transfer,0.8,0.4
_p271,RS_GCF_000421705.1,Transfer,0.5,0.5
s__Croceibacterium_sp001897135,GB_GCA_017308255.1,Contemporaneous,1.0,0.0
s__Brevundimonas_naejangsanensis,RS_GCF_000421705.1,Contemporaneous,1.0,0.0
_p272,RS_GCF_011045115.1,Transfer,0.8,0.4
_p273,RS_GCF_003668555.1,Transfer,0.6,0.6
s__Blastochloris_viridis,RS_GCF_001402875.1,Contemporaneous,1.0,0.0
s__Notoacmeibacter_ruber,RS_GCF_003668555.1,Contemporaneous,1.0,0.0
s__Pseudaminobacter_zhangyensis,RS_GCF_011045115.1,Contemporaneous,1.0,0.0
_p281,_h295,Cospeciation,1.0,1.0
_p282,RS_GCF_001687365.1,Transfer,1.0,1.0
s__Phyllobacterium_sp000282595,RS_GCF_000282595.1,Contemporaneous,1.0,0.0
s__Pararhizobium_polonicum,RS_GCF_001687365.1,Contemporaneous,1.0,0.0
_p283,_h296,Loss,1.0,0.5
_p283,RS_GCF_014126615.1,Transfer,0.5,0.5
_p284,_h281,Cospeciation,1.0,1.0
s__Ruegeria_haliotis,RS_GCF_013377785.1,Contemporaneous,1.0,0.0
_p285,RS_GCF_900313035.1,Transfer,1.0,1.0
_p286,_h288,Cospeciation,1.0,1.0
s__Paracoccus_marinus_A,RS_GCF_003007735.2,Contemporaneous,1.0,0.0
s__Paracoccus_sp003591515,RS_GCF_003591515.1,Contemporaneous,1.0,0.0
_p287,RS_GCF_900313035.1,Transfer,1.0,0.7142857142857143
_p288,100.0_g__Paracoccus,Cospeciation,0.7142857142857143,0.7142857142857143
_p289,_h286,Cospeciation,0.7142857142857143,0.7142857142857143
s__Paracoccus_aurantiacus,_h289,Loss,0.7142857142857143,0.7142857142857143
s__Paracoccus_aurantiacus,RS_GCF_007993065.1,Contemporaneous,1.0,0.0
s__Paracoccus_zhejiangensis,_h287,Loss,0.7142857142857143,0.7142857142857143
s__Paracoccus_zhejiangensis,RS_GCF_002847445.1,Contemporaneous,1.0,0.0
_p290,_h283,Transfer,0.7142857142857143,0.5714285714285714
_p291,_h290,Cospeciation,1.0,1.0
s__Paracoccus_xiamenensis,RS_GCF_011308835.1,Contemporaneous,1.0,0.0
s__Paracoccus_sp013868135,RS_GCF_013868135.1,Contemporaneous,1.0,0.0
_p292,_h283,Loss,0.5714285714285714,0.14285714285714285
_p292,_h284,Transfer,0.42857142857142855,0.42857142857142855
_p293,_h278,Cospeciation,1.0,1.0
_p294,RS_GCF_002933395.1,Transfer,1.0,1.0
s__Falsirhodobacter_sp000739715,RS_GCF_000739715.2,Contemporaneous,1.0,0.0
s__Yoonia_maritima_A,RS_GCF_002933395.1,Contemporaneous,1.0,0.0
_p295,_h279,Cospeciation,1.0,1.0
s__Aquimixticola_soesokkakensis,RS_GCF_900172375.1,Contemporaneous,1.0,0.0
s__Poseidonocella_sedimentorum,_h280,Loss,1.0,1.0
s__Poseidonocella_sedimentorum,RS_GCF_900116005.1,Contemporaneous,1.0,0.0
_p296,_h284,Cospeciation,0.7142857142857143,0.7142857142857143
_p297,RS_GCF_007830335.1,Transfer,0.7142857142857143,0.7142857142857143
s__Paracoccus_alkenifer,RS_GCF_900108405.1,Contemporaneous,1.0,0.0
s__Paracoccus_sulfuroxidans,RS_GCF_007830335.1,Contemporaneous,1.0,0.0
_p298,_h285,Cospeciation,1.0,1.0
s__Paracoccus_pantotrophus,RS_GCF_008824185.1,Contemporaneous,1.0,0.0
s__Paracoccus_laeviglucosivorans,RS_GCF_900182695.1,Contemporaneous,1.0,0.0
s__Ruegeria_sp900313035,RS_GCF_900313035.1,Contemporaneous,1.0,0.0
s__Allorhizobium_thiooxidans,RS_GCF_014126615.1,Contemporaneous,1.0,0.0
s__Gemmatimonas_aurantiaca,RS_GCF_000010305.1,Contemporaneous,1.0,0.0
s__Tomitella_sp007559025,RS_GCF_007559025.1,Contemporaneous,1.0,0.0
_p299,_h78,Cospeciation,1.0,1.0
_p316,_h82,Loss,1.0,1.0
_p316,_h83,Cospeciation,1.0,1.0
_p317,100.0_g__Nocardia,Transfer,1.0,0.6666666666666666
_p318,_h98,Cospeciation,0.6666666666666666,0.6666666666666666
_p320,_h100,Cospeciation,1.0,1.0
_p321,RS_GCF_001941565.1,Transfer,1.0,1.0
s__Corynebacterium_matruchotii,RS_GCF_011612265.2,Contemporaneous,1.0,0.0
s__Corynebacterium_phocae,RS_GCF_001941565.1,Contemporaneous,1.0,0.0
s__Corynebacterium_propinquum,RS_GCF_000375525.1,Contemporaneous,1.0,0.0
_p319,_h99,Transfer,0.6666666666666666,0.3333333333333333
s__Corynebacterium_sp016342265,RS_GCF_016342265.1,Contemporaneous,1.0,0.0
s__Corynebacterium_geronticis,_h99,Loss,0.3333333333333333,0.3333333333333333
s__Corynebacterium_geronticis,RS_GCF_003813985.1,Contemporaneous,1.0,0.0
_p322,100.0_g__Nocardia,Transfer,1.0,1.0
s__Rhodococcus_triatomae_A,RS_GCF_000341795.1,Contemporaneous,1.0,0.0
_p323,100.0_g__Nocardia,Transfer,1.0,1.0
s__Streptomyces_sp007176755,RS_GCF_007176755.1,Contemporaneous,1.0,0.0
_p324,100.0_g__Nocardia,Cospeciation,1.0,1.0
_p326,_h93,Cospeciation,1.0,1.0
_p327,_h94,Loss,1.0,0.5
_p327,RS_GCF_001612945.1,Transfer,0.5,0.5
s__Nocardia_alba,RS_GCF_001612665.1,Contemporaneous,1.0,0.0
s__Nocardia_inohanensis,RS_GCF_001612945.1,Contemporaneous,1.0,0.0
s__Nocardia_otitidiscaviarum,RS_GCF_000308635.1,Contemporaneous,1.0,0.0
_p325,_h91,Loss,1.0,1.0
_p325,_h92,Cospeciation,1.0,1.0
s__Nocardia_sienata,RS_GCF_001613205.1,Contemporaneous,1.0,0.0
s__Nocardia_carnea,RS_GCF_000308515.1,Contemporaneous,1.0,0.0
_p328,87.0_g__Rhodococcus,Transfer,1.0,0.75
_p329,_h32,Cospeciation,1.0,1.0
s__Specibacter_stackebrandtii,RS_GCF_017876675.1,Contemporaneous,1.0,0.0
s__Specibacter_glacialis,RS_GCF_002909445.1,Contemporaneous,1.0,0.0
_p330,87.0_g__Rhodococcus,Transfer,0.75,0.25
_p331,RS_GCF_016918035.1,Transfer,0.5,0.25
_p332,_h134,Transfer,0.5,0.5
s__Brevibacterium_aurantiacum_A,RS_GCF_007558825.1,Contemporaneous,1.0,0.0
_p333,_h134,Cospeciation,1.0,1.0
_p334,_h135,Cospeciation,1.0,1.0
s__Mumia_flava,_h138,Loss,1.0,1.0
s__Mumia_flava,RS_GCF_002797495.1,Contemporaneous,1.0,0.0
_p335,_h136,Cospeciation,1.0,1.0
_p337,GB_GCA_013693815.1,Transfer,1.0,1.0
s__Cellulomonas_sp000708885,RS_GCF_000708885.1,Contemporaneous,1.0,0.0
_p338,GB_GCA_013693815.1,Transfer,1.0,1.0
s__Xylanimonas_sp004135385,RS_GCF_004135385.1,Contemporaneous,1.0,0.0
_p339,GB_GCA_013693815.1,Transfer,1.0,1.0
s__Tetrasphaera_japonica,RS_GCF_001046855.1,Contemporaneous,1.0,0.0
s__SSC3_sp013693815,GB_GCA_013693815.1,Contemporaneous,1.0,0.0
_p336,_h137,Loss,1.0,0.5
_p336,RS_GCF_009557055.1,Transfer,0.5,0.5
s__Aeromicrobium_phoceense,RS_GCF_013868155.1,Contemporaneous,1.0,0.0
s__Nocardioides_sp009557055,RS_GCF_009557055.1,Contemporaneous,1.0,0.0
s__Microlunatus_phosphovorus,RS_GCF_000270245.1,Contemporaneous,1.0,0.0
s__Nakamurella_sp016918035,RS_GCF_016918035.1,Contemporaneous,1.0,0.0
_p340,87.0_g__Rhodococcus,Loss,0.5,0.25
_p340,_h84,Transfer,0.75,0.375
_p341,_h80,Transfer,0.5,0.5
s__Corynebacterium_sphenisci,RS_GCF_001941505.1,Contemporaneous,1.0,0.0
_p342,_h80,Cospeciation,1.0,1.0
s__Tsukamurella_tyrosinosolvens,RS_GCF_900104775.1,Contemporaneous,1.0,0.0
s__Tsukamurella_paurometabola,RS_GCF_000092225.1,Contemporaneous,1.0,0.0
_p343,_h84,Cospeciation,1.0,1.0
_p344,_h87,Loss,1.0,1.0
_p344,_h88,Cospeciation,1.0,1.0
s__Rhodococcus_sp002245895,RS_GCF_002245895.1,Contemporaneous,1.0,0.0
s__Rhodococcus_erythropolis_D,RS_GCF_016598535.1,Contemporaneous,1.0,0.0
_p345,_h85,Loss,1.0,0.5
_p345,_h86,Transfer,0.5,0.5
_p346,100.0_g__Hoyosella,Cospeciation,1.0,1.0
s__Hoyosella_rhizosphaerae,RS_GCF_014643175.1,Contemporaneous,1.0,0.0
s__Hoyosella_subflava,RS_GCF_000214175.1,Contemporaneous,1.0,0.0
_p347,_h86,Cospeciation,1.0,1.0
_p349,RS_GCF_005484805.1,Transfer,1.0,1.0
_p351,_h90,Cospeciation,1.0,1.0
_p352,RS_GCF_012726195.1,Transfer,1.0,1.0
s__Rhodococcus_zopfii,RS_GCF_001895025.1,Contemporaneous,1.0,0.0
s__Rhodococcus_sp012726195,RS_GCF_012726195.1,Contemporaneous,1.0,0.0
s__Rhodococcus_sp012729135,GB_GCA_012729135.1,Contemporaneous,1.0,0.0
_p350,RS_GCF_005484805.1,Transfer,1.0,1.0
s__Millisia_brevis,RS_GCF_001552615.1,Contemporaneous,1.0,0.0
s__Rhodococcus_sp005484805,RS_GCF_005484805.1,Contemporaneous,1.0,0.0
_p348,RS_GCF_000738775.1,Transfer,1.0,1.0
s__Rhodococcus_opacus_C,RS_GCF_000010805.1,Contemporaneous,1.0,0.0
s__Rhodococcus_defluvii,RS_GCF_000738775.1,Contemporaneous,1.0,0.0
_p300,_h79,Transfer,1.0,0.6666666666666666
_p304,_h36,Cospeciation,1.0,1.0
_p305,_h39,Loss,1.0,0.5
_p305,RS_GCF_001424195.1,Transfer,0.5,0.5
s__Microterricola_sp000799285,RS_GCF_000799285.1,Contemporaneous,1.0,0.0
s__Cellulomonas_sp001424195,RS_GCF_001424195.1,Contemporaneous,1.0,0.0
_p306,_h37,Transfer,1.0,1.0
_p308,_h27,Cospeciation,1.0,1.0
_p309,_h33,Transfer,1.0,0.6666666666666666
s__Nocardioides_humi,RS_GCF_006494775.1,Contemporaneous,1.0,0.0
_p310,_h33,Loss,0.6666666666666666,0.3333333333333333
_p310,RS_GCF_000422745.1,Transfer,0.6666666666666666,0.6666666666666666
s__Corynebacterium_sp002994655,RS_GCF_002994655.1,Contemporaneous,1.0,0.0
s__Microbacterium_gubbeenense,RS_GCF_000422745.1,Contemporaneous,1.0,0.0
_p311,100.0_f__Micrococcaceae,Loss,1.0,1.0
_p311,_h28,Cospeciation,1.0,1.0
s__Kocuria_varians,RS_GCF_006539885.1,Contemporaneous,1.0,0.0
_p312,100.0_g__Rothia,Cospeciation,1.0,1.0
_p313,_h29,Cospeciation,1.0,1.0
s__Rothia_avicola,GB_GCA_019115985.1,Contemporaneous,1.0,0.0
s__Rothia_nasimurium_A,RS_GCF_002087015.1,Contemporaneous,1.0,0.0
_p314,RS_GCF_013394385.1,Transfer,1.0,1.0
s__Mycetocola_B_reblochoni,RS_GCF_900163835.1,Contemporaneous,1.0,0.0
_p315,RS_GCF_013394385.1,Transfer,1.0,1.0
s__Actinomyces_wuliandei,RS_GCF_004010955.1,Contemporaneous,1.0,0.0
s__Rothia_sp004136585,RS_GCF_013394385.1,Contemporaneous,1.0,0.0
_p307,_h37,Cospeciation,1.0,1.0
s__Oerskovia_sp005937995,RS_GCF_005937995.2,Contemporaneous,1.0,0.0
s__Cellulosimicrobium_sp009708005,_h38,Loss,1.0,1.0
s__Cellulosimicrobium_sp009708005,RS_GCF_009708005.2,Contemporaneous,1.0,0.0
_p301,_h79,Loss,0.6666666666666666,0.3333333333333333
_p301,_h81,Transfer,0.6666666666666666,0.6666666666666666
_p302,_h31,Cospeciation,1.0,1.0
s__Glutamicibacter_uratoxydans,RS_GCF_006539925.1,Contemporaneous,1.0,0.0
s__Glutamicibacter_arilaitensis,RS_GCF_000197735.1,Contemporaneous,1.0,0.0
_p303,_h81,Cospeciation,1.0,1.0
s__Gordonia_spumicola,RS_GCF_009932475.1,Contemporaneous,1.0,0.0
s__Gordonia_humi,RS_GCF_014197435.1,Contemporaneous,1.0,0.0
_p182,_h65,Transfer,1.0,1.0
_p183,_h101,Cospeciation,1.0,1.0
_p184,RS_GCF_014202425.1,Transfer,1.0,1.0
s__Nocardiopsis_dassonvillei,RS_GCF_000092985.1,Contemporaneous,1.0,0.0
_p185,RS_GCF_014202425.1,Transfer,1.0,1.0
s__Spirillospora_sp003432485,RS_GCF_003432485.1,Contemporaneous,1.0,0.0
s__Phytomonospora_endophytica,RS_GCF_014202425.1,Contemporaneous,1.0,0.0
_p186,_h102,Transfer,1.0,1.0
_p191,_h57,Cospeciation,1.0,1.0
_p192,100.0_f__Mycobacteriaceae,Transfer,1.0,0.5
_p193,_h315,Cospeciation,1.0,1.0
s__UBA1660_sp017644045,GB_GCA_017644045.1,Contemporaneous,1.0,0.0
s__Sandaracinus_amylolyticus,RS_GCF_000737325.1,Contemporaneous,1.0,0.0
s__X156_sp004006015,100.0_f__Mycobacteriaceae,Loss,0.5,0.5
s__X156_sp004006015,RS_GCF_004006015.1,Contemporaneous,1.0,0.0
_p194,85.0_f__Pseudonocardiaceae,Loss,1.0,1.0
_p194,_h58,Cospeciation,1.0,1.0
_p197,100.0_g__Pseudonocardia,Cospeciation,1.0,1.0
_p198,_h63,Cospeciation,1.0,1.0
s__Pseudonocardia_spinosispora,RS_GCF_000429025.1,Contemporaneous,1.0,0.0
s__Pseudonocardia_acaciae,RS_GCF_000620785.1,Contemporaneous,1.0,0.0
_p199,_h60,Cospeciation,1.0,1.0
s__Pseudonocardia_sp002262885,RS_GCF_002262885.1,Contemporaneous,1.0,0.0
_p200,_h61,Cospeciation,1.0,1.0
_p201,RS_GCF_000717175.1,Transfer,1.0,1.0
s__Amycolatopsis_D_sp018885265,RS_GCF_018885265.1,Contemporaneous,1.0,0.0
s__Pseudonocardia_autotrophica_A,RS_GCF_000717175.1,Contemporaneous,1.0,0.0
_p202,_h62,Cospeciation,1.0,1.0
s__Pseudonocardia_sp001420995,RS_GCF_001420995.1,Contemporaneous,1.0,0.0
s__Pseudonocardia_sediminis,RS_GCF_004217185.1,Contemporaneous,1.0,0.0
_p195,100.0_g__Actinomycetospora,Cospeciation,1.0,1.0
s__Actinomycetospora_sp012933465,RS_GCF_012933465.1,Contemporaneous,1.0,0.0
_p196,_h59,Cospeciation,1.0,1.0
s__Actinomycetospora_succinea,RS_GCF_004363095.1,Contemporaneous,1.0,0.0
s__Actinomycetospora_cinnamomea,RS_GCF_003096675.1,Contemporaneous,1.0,0.0
_p187,_h102,Transfer,1.0,1.0
_p189,_h71,Cospeciation,1.0,1.0
_p190,RS_GCF_007713735.2,Transfer,1.0,1.0
s__Saccharomonospora_marina_A,RS_GCF_002240355.1,Contemporaneous,1.0,0.0
s__Amycolatopsis_acidicola,RS_GCF_007713735.2,Contemporaneous,1.0,0.0
s__Amycolatopsis_endophytica,RS_GCF_013410405.1,Contemporaneous,1.0,0.0
_p188,_h102,Cospeciation,1.0,1.0
s__Stackebrandtia_nassauensis,RS_GCF_000024545.1,Contemporaneous,1.0,0.0
s__Natronoglycomyces_albus,RS_GCF_016925535.1,Contemporaneous,1.0,0.0
_p203,_h65,Cospeciation,1.0,1.0
_p204,RS_GCF_000379465.1,Transfer,1.0,1.0
_p207,_h54,Cospeciation,1.0,1.0
s__Streptomonospora_sp004323735,RS_GCF_004323735.1,Contemporaneous,1.0,0.0
_p208,RS_GCF_003014485.1,Transfer,1.0,1.0
_p209,_h53,Cospeciation,1.0,1.0
_p210,RS_GCF_000341225.1,Transfer,1.0,1.0
s__Nocardiopsis_coralli,RS_GCF_014892575.1,Contemporaneous,1.0,0.0
s__Nocardiopsis_alba,RS_GCF_000341225.1,Contemporaneous,1.0,0.0
s__Nocardiopsis_valliformis,RS_GCF_000340985.1,Contemporaneous,1.0,0.0
s__Murinocardiopsis_flavida,RS_GCF_003014485.1,Contemporaneous,1.0,0.0
_p205,RS_GCF_000379465.1,Transfer,1.0,1.0
_p206,_h139,Cospeciation,1.0,1.0
s__Patulibacter_americanus,RS_GCF_000420025.1,Contemporaneous,1.0,0.0
s__Patulibacter_sp017916475,RS_GCF_017916475.1,Contemporaneous,1.0,0.0
s__Sciscionella_marina,RS_GCF_000379465.1,Contemporaneous,1.0,0.0
_p211,_h66,Transfer,1.0,0.25
_p219,100.0_g__Streptomyces,Transfer,0.25,0.08333333333333333
_p220,RS_GCF_014203835.1,Transfer,0.3333333333333333,0.3333333333333333
_p221,RS_GCF_014647515.1,Transfer,0.6666666666666666,0.6666666666666666
_p222,_h105,Cospeciation,0.6666666666666666,0.6666666666666666
s__Actinoplanes_endophyticus,RS_GCF_014646155.1,Contemporaneous,1.0,0.0
s__KBS50_sp002285795,_h106,Loss,0.6666666666666666,0.6666666666666666
s__KBS50_sp002285795,RS_GCF_002285795.1,Contemporaneous,1.0,0.0
s__Dactylosporangium_sucinum,RS_GCF_014647515.1,Contemporaneous,1.0,0.0
s__Micromonospora_H_polyrhachis,RS_GCF_014203835.1,Contemporaneous,1.0,0.0
_p223,100.0_g__Streptomyces,Duplication,0.5,0.5
_p234,100.0_g__Streptomyces,Transfer,0.5,0.25
_p235,RS_GCF_014656195.1,Transfer,0.75,0.75
_p236,100.0_g__Embleya,Cospeciation,1.0,1.0
s__Embleya_hyalina,RS_GCF_003967355.1,Contemporaneous,1.0,0.0
s__Embleya_scabrispora,RS_GCF_000372745.1,Contemporaneous,1.0,0.0
s__Kitasatospora_xanthocidica,RS_GCF_014656195.1,Contemporaneous,1.0,0.0
_p237,100.0_g__Streptomyces,Cospeciation,1.0,1.0
_p242,_h131,Cospeciation,1.0,1.0
_p244,_h132,Transfer,1.0,0.6666666666666666
s__SCUT-3_sp014083985,RS_GCF_014083985.1,Contemporaneous,1.0,0.0
_p245,_h132,Loss,0.6666666666666666,0.26666666666666666
_p245,_h133,Transfer,0.5333333333333333,0.4
s__Streptomyces_sp002711365,RS_GCF_002711365.1,Contemporaneous,1.0,0.0
_p246,_h133,Transfer,0.6,0.4
s__Streptomyces_sp003574445,RS_GCF_003574445.1,Contemporaneous,1.0,0.0
_p247,_h133,Loss,0.5333333333333333,0.26666666666666666
_p247,RS_GCF_000262345.1,Transfer,0.6666666666666666,0.6666666666666666
s__Streptomyces_cacaoi_A,RS_GCF_013085465.1,Contemporaneous,1.0,0.0
s__Streptomyces_xiaopingdaonensis,RS_GCF_000262345.1,Contemporaneous,1.0,0.0
_p243,RS_GCF_003626535.1,Transfer,1.0,1.0
s__Streptomyces_physcomitrii,RS_GCF_012273655.1,Contemporaneous,1.0,0.0
s__Streptomyces_hoynatensis,RS_GCF_003626535.1,Contemporaneous,1.0,0.0
_p238,_h111,Cospeciation,1.0,1.0
s__Streptomyces_sp007595705,_h130,Loss,1.0,1.0
s__Streptomyces_sp007595705,RS_GCF_007595705.1,Contemporaneous,1.0,0.0
_p239,_h112,Cospeciation,1.0,1.0
_p240,RS_GCF_003865135.1,Transfer,1.0,1.0
s__Streptomyces_formicae,RS_GCF_002556545.1,Contemporaneous,1.0,0.0
s__Streptomyces_chrestomyceticus,RS_GCF_003865135.1,Contemporaneous,1.0,0.0
_p241,_h113,Loss,1.0,1.0
_p241,_h114,Loss,1.0,1.0
_p241,_h120,Loss,1.0,1.0
_p241,_h121,Cospeciation,1.0,1.0
s__Streptomyces_globisporus,_h122,Loss,1.0,1.0
s__Streptomyces_globisporus,GB_GCA_014649555.1,Contemporaneous,1.0,0.0
s__Streptomyces_sp900091725,RS_GCF_900091725.1,Contemporaneous,1.0,0.0
_p224,100.0_g__Streptomyces,Cospeciation,1.0,1.0
_p225,_h131,Transfer,1.0,0.6666666666666666
s__Streptomyces_sp000721375,GB_GCA_000721375.1,Contemporaneous,1.0,0.0
_p226,_h131,Loss,0.6666666666666666,0.3333333333333333
_p226,_h132,Transfer,0.6666666666666666,0.6666666666666666
_p228,_h123,Cospeciation,1.0,1.0
_p231,_h129,Cospeciation,1.0,1.0
_p232,RS_GCF_017876625.1,Transfer,1.0,1.0
s__Streptomyces_abikoensis,RS_GCF_014648775.1,Contemporaneous,1.0,0.0
_p233,RS_GCF_017876625.1,Transfer,1.0,1.0
s__Streptomyces_hiroshimensis,RS_GCF_014650335.1,Contemporaneous,1.0,0.0
s__Streptomyces_syringium,RS_GCF_017876625.1,Contemporaneous,1.0,0.0
s__Streptomyces_olivoreticuli,RS_GCF_003391135.1,Contemporaneous,1.0,0.0
_p229,_h124,Loss,1.0,1.0
_p229,_h125,Loss,1.0,1.0
_p229,_h126,Cospeciation,1.0,1.0
s__Streptomyces_sp015999245,RS_GCF_015999245.1,Contemporaneous,1.0,0.0
_p230,_h127,Cospeciation,1.0,1.0
s__Streptomyces_mobaraensis,_h128,Loss,1.0,1.0
s__Streptomyces_mobaraensis,RS_GCF_017916255.1,Contemporaneous,1.0,0.0
s__Streptomyces_sp013055795,RS_GCF_013055795.1,Contemporaneous,1.0,0.0
_p227,_h132,Cospeciation,1.0,1.0
s__Streptomyces_sp012726265,RS_GCF_012726265.1,Contemporaneous,1.0,0.0
s__Streptomyces_cacaoi,_h133,Loss,1.0,1.0
s__Streptomyces_cacaoi,RS_GCF_006539165.1,Contemporaneous,1.0,0.0
s__Streptomyces_philanthi,_h111,Loss,1.0,1.0
s__Streptomyces_philanthi,_h130,Loss,1.0,1.0
s__Streptomyces_philanthi,GB_GCA_018114805.1,Contemporaneous,1.0,0.0
_p212,_h66,Transfer,1.0,0.6666666666666666
_p216,RS_GCF_000023245.1,Transfer,0.6666666666666666,0.16666666666666666
_p217,RS_GCF_003325375.1,Transfer,0.3333333333333333,0.3333333333333333
s__Amycolatopsis_decaplanina,RS_GCF_000342005.1,Contemporaneous,1.0,0.0
_p218,RS_GCF_003325375.1,Transfer,0.5,0.5
s__Spirillospora_macra,RS_GCF_001552215.1,Contemporaneous,1.0,0.0
s__Streptomyces_globosus,RS_GCF_003325375.1,Contemporaneous,1.0,0.0
s__Actinosynnema_mirum,RS_GCF_000023245.1,Contemporaneous,1.0,0.0
_p213,_h66,Cospeciation,1.0,1.0
_p215,_h69,Loss,1.0,1.0
_p215,100.0_g__Saccharomonospora,Loss,1.0,1.0
_p215,_h73,Cospeciation,1.0,1.0
s__Saccharomonospora_cyanea,RS_GCF_000244975.1,Contemporaneous,1.0,0.0
s__Saccharomonospora_sp015910535,RS_GCF_015910535.1,Contemporaneous,1.0,0.0
_p214,_h67,Loss,1.0,1.0
_p214,_h68,Cospeciation,1.0,1.0
s__Kibdelosporangium_sp000826545,RS_GCF_000826545.1,Contemporaneous,1.0,0.0
s__Kibdelosporangium_phytohabitans,RS_GCF_001302585.1,Contemporaneous,1.0,0.0
_p25,_h311,Loss,0.5,0.16666666666666666
_p25,_h312,Cospeciation,0.6666666666666666,0.6666666666666666
_p26,_h314,Transfer,0.6666666666666666,0.6666666666666666
s__Stigmatella_aurantiaca_A,RS_GCF_000165485.1,Contemporaneous,1.0,0.0
_p27,_h314,Cospeciation,1.0,1.0
s__Corallococcus_coralloides,RS_GCF_000255295.1,Contemporaneous,1.0,0.0
s__Corallococcus_sp014930455,RS_GCF_014930455.1,Contemporaneous,1.0,0.0
_p28,100.0_g__Myxococcus,Cospeciation,1.0,1.0
s__Myxococcus_xanthus_A,RS_GCF_006402735.1,Contemporaneous,1.0,0.0
_p29,_h313,Cospeciation,1.0,1.0
s__Myxococcus_eversor,RS_GCF_010894455.1,Contemporaneous,1.0,0.0
s__Myxococcus_stipitatus,RS_GCF_000331735.1,Contemporaneous,1.0,0.0
s__Paenibacillus_C_sp011947265,RS_GCF_011947265.1,Contemporaneous,1.0,0.0
_p15,93.0_g__Paenibacillus,Transfer,1.0,1.0
_p16,_h21,Cospeciation,1.0,1.0
s__Paenibacillus_F_chitinolyticus,RS_GCF_000739915.1,Contemporaneous,1.0,0.0
s__Paenibacillus_G_ehimensis,RS_GCF_004000785.1,Contemporaneous,1.0,0.0
_p17,93.0_g__Paenibacillus,Cospeciation,1.0,1.0
s__Paenibacillus_sp017512705,GB_GCA_017512705.1,Contemporaneous,1.0,0.0
s__Paenibacillus_glucanolyticus,RS_GCF_004000885.1,Contemporaneous,1.0,0.0
_p11,_h16,Loss,0.6666666666666666,0.3333333333333333
_p11,_h17,Transfer,0.6666666666666666,0.6666666666666666
s__Pelosinus_fermentans,RS_GCF_000271485.2,Contemporaneous,1.0,0.0
_p12,_h17,Cospeciation,1.0,1.0
s__Bacillus_licheniformis,RS_GCF_000011645.1,Contemporaneous,1.0,0.0
_p13,_h18,Cospeciation,1.0,1.0
s__Bacillus_inaquosorum,GB_GCA_000332645.1,Contemporaneous,1.0,0.0
s__Bacillus_amyloliquefaciens,RS_GCF_000196735.1,Contemporaneous,1.0,0.0
_p8,_h14,Cospeciation,1.0,0.3333333333333333
s__Bacillus_A_sp018966865,_h15,Loss,0.6666666666666666,0.6666666666666666
s__Bacillus_A_sp018966865,GB_GCA_018966865.1,Contemporaneous,1.0,0.0
_p9,RS_GCF_000017425.1,Transfer,0.3333333333333333,0.3333333333333333
s__Bacillus_A_pseudomycoides,RS_GCF_000161455.1,Contemporaneous,1.0,0.0
s__Bacillus_A_cytotoxicus,RS_GCF_000017425.1,Contemporaneous,1.0,0.0
_p4,RS_GCF_900182565.1,Transfer,1.0,1.0
_p5,_h8,Cospeciation,1.0,1.0
_p6,_h11,Cospeciation,1.0,1.0
s__Cytobacillus_kochii,_h19,Loss,1.0,1.0
s__Cytobacillus_kochii,RS_GCF_002276165.1,Contemporaneous,1.0,0.0
s__Oceanobacillus_iheyensis,_h12,Loss,1.0,1.0
s__Oceanobacillus_iheyensis,RS_GCF_000011245.1,Contemporaneous,1.0,0.0
s__Solibacillus_silvestris,_h9,Loss,1.0,1.0
s__Solibacillus_silvestris,GB_GCA_001586195.1,Contemporaneous,1.0,0.0
s__Melghirimyces_algeriensis,RS_GCF_900182565.1,Contemporaneous,1.0,0.0
